M2,Banyo,Bina_Yasi,Balkon,Asansor,Garaj,Takas,Eşya Durumu,Fiyat,oda_sayisi,salon_sayisi,Kat,Isinma,yapi_durumu,Kullanim_Boş,Kullanim_Kiracılı,Kullanim_Mülk Sahibi,tapu_durumu,Bolge_Skoru
120,1,7,1,1,0,0,0,3500000.0,3,1,3.0,2,0,1,0,0,1,2
85,1,31,0,0,0,0,0,2150000.0,2,1,4.0,0,0,1,0,0,2,3
165,1,21,0,0,0,0,0,3850000.0,3,1,1.0,3,0,1,0,0,2,2
150,1,6,0,1,0,0,0,3500000.0,3,1,3.0,3,0,1,0,0,1,2
110,1,5,1,1,0,1,0,3500000.0,2,1,0.5,3,0,1,0,0,2,3
145,1,17,0,1,1,0,0,3550000.0,3,1,3.0,3,0,1,0,0,1,3
130,1,6,1,1,0,0,0,4600000.0,3,1,2.0,3,0,1,0,0,1,3
47,1,0,0,0,0,0,0,1700000.0,1,1,2.0,3,0,1,0,0,1,2
107,1,0,0,1,1,1,0,3100000.0,2,1,2.0,3,0,1,0,0,1,3
270,3,25,0,0,1,0,0,15500000.0,4,1,3.0,3,0,0,1,0,1,3
130,1,4,0,0,1,1,0,4200000.0,4,1,0.0,1,0,0,0,1,2,3
120,1,15,0,0,0,0,0,2400000.0,2,1,1.0,3,0,0,0,1,1,2
130,1,16,1,1,0,1,0,4750000.0,3,1,2.0,3,0,1,0,0,2,3
135,1,21,0,0,0,1,0,3295000.0,3,1,2.0,3,0,1,0,0,1,3
110,1,16,1,1,1,0,0,3375000.0,2,1,4.0,3,0,1,0,0,2,3
145,2,0,0,0,0,0,0,3200000.0,3,1,3.0,3,0,1,0,0,2,2
115,1,28,0,0,1,0,0,2075000.0,3,1,3.0,3,0,1,0,0,2,2
105,1,11,0,0,0,1,1,3490000.0,2,1,1.0,3,0,1,0,0,1,3
90,1,5,1,1,1,0,0,3695000.0,2,1,3.0,3,2,0,0,1,2,3
130,1,30,0,0,1,1,0,3700000.0,3,1,4.0,3,0,1,0,0,1,3
300,1,1,0,1,0,1,0,4650000.0,2,1,1.0,3,0,0,0,1,1,3
115,1,21,0,0,0,1,0,1190000.0,2,1,4.0,3,0,1,0,0,2,2
115,1,26,0,1,1,0,0,3875000.0,3,1,3.0,3,0,1,0,0,2,3
100,1,50,0,0,0,0,1,3500000.0,2,1,3.0,1,0,0,0,1,2,2
370,3,6,0,0,0,0,1,24990000.0,6,1,0.0,3,0,0,0,1,2,3
85,1,5,1,1,1,0,0,2750000.0,2,1,3.0,3,0,0,1,0,1,3
80,1,4,1,1,0,1,0,3100000.0,2,1,2.0,3,0,0,1,0,2,3
80,1,5,0,0,0,0,0,1150000.0,1,1,2.0,3,0,1,0,0,2,1
120,1,25,1,1,0,0,0,3550000.0,3,1,3.0,3,0,1,0,0,1,3
120,1,21,0,1,0,1,0,3975000.0,3,1,0.0,3,0,1,0,0,2,3
120,1,26,0,0,0,1,0,1595000.0,3,1,2.0,0,0,1,0,0,2,3
120,1,25,1,1,1,0,0,3950000.0,3,1,3.0,3,0,1,0,0,2,3
130,1,21,0,1,1,1,0,3495000.0,3,1,4.0,3,0,1,0,0,1,3
73,1,31,0,0,0,0,0,565000.0,1,1,0.0,0,0,1,0,0,2,2
91,1,40,0,0,0,0,0,1725000.0,3,1,3.0,1,0,0,1,0,2,2
115,1,1,0,0,0,0,0,2680000.0,3,1,3.0,3,0,0,0,1,2,3
160,2,16,1,1,1,1,0,7100000.0,4,1,5.0,3,0,0,1,0,1,3
125,1,18,0,0,0,0,0,3400000.0,3,1,0.5,3,0,1,0,0,2,3
50,1,1,0,0,0,0,0,2700000.0,1,1,0.5,0,0,1,0,0,2,3
34,1,10,0,0,0,0,0,750000.0,1,1,3.0,1,0,1,0,0,0,2
125,1,26,0,0,0,1,0,2950000.0,3,1,5.0,3,0,0,0,1,1,3
135,1,26,1,1,0,0,0,4650000.0,3,1,4.0,3,0,1,0,0,2,3
90,1,6,0,1,1,0,0,2475000.0,2,1,1.0,3,0,1,0,0,1,3
130,1,8,0,1,1,0,0,3950000.0,3,1,2.0,3,0,1,0,0,1,3
345,1,15,0,0,0,0,0,2000000.0,2,1,3.0,1,0,0,0,1,2,3
70,1,0,0,0,0,0,1,2340000.0,1,1,3.0,3,0,1,0,0,1,3
130,1,0,0,0,0,1,0,3290000.0,2,1,3.0,1,2,0,0,1,2,3
430,1,25,0,0,0,0,0,3500000.0,3,1,3.0,1,0,1,0,0,2,3
85,1,25,0,0,0,1,1,2950000.0,2,1,0.5,1,0,0,1,0,1,3
140,1,26,0,1,0,0,0,2100000.0,3,1,1.0,1,0,1,0,0,2,2
105,1,25,1,0,0,1,0,2950000.0,3,1,5.0,3,0,0,0,1,1,3
225,2,16,0,1,0,0,0,8850000.0,4,1,4.0,3,0,0,0,1,1,3
90,1,21,0,0,0,0,0,1700000.0,2,1,2.0,3,0,0,1,0,1,2
145,2,1,0,1,1,0,0,2850000.0,2,1,4.0,3,0,0,0,1,2,3
115,1,25,1,0,0,0,0,2950000.0,2,1,3.0,3,0,1,0,0,2,3
100,1,29,1,1,1,0,0,2850000.0,3,1,5.0,3,0,1,0,0,1,3
100,1,0,0,0,1,0,0,2500000.0,2,1,3.0,3,0,1,0,0,1,2
135,1,11,0,1,0,0,0,4850000.0,3,1,4.0,3,0,0,0,1,1,3
150,1,15,0,0,1,0,0,3000000.0,3,1,5.0,3,0,0,0,1,1,2
160,2,1,1,1,1,1,0,7950000.0,3,1,0.5,3,0,0,1,0,1,3
100,1,25,1,0,0,0,0,2300000.0,2,1,3.0,3,0,1,0,0,2,3
101,1,0,0,0,0,1,0,2300000.0,2,1,3.0,3,2,1,0,0,1,3
105,2,2,1,0,1,1,0,4150000.0,2,1,0.5,3,0,1,0,0,1,3
65,1,0,0,0,1,0,0,2450000.0,1,1,4.0,3,0,1,0,0,1,3
140,1,30,1,1,1,0,0,3950000.0,3,1,0.0,3,0,0,1,0,2,3
95,1,5,0,0,1,0,0,2650000.0,2,1,3.0,2,0,0,0,1,1,1
498,1,49,0,0,1,0,0,3950000.0,4,1,3.0,1,0,1,0,0,0,3
90,1,31,0,1,0,1,0,2550000.0,2,1,1.0,3,0,0,0,1,1,2
120,1,21,0,1,1,0,0,4250000.0,3,1,6.0,3,0,0,0,1,2,3
60,1,1,0,0,1,0,0,3150000.0,1,1,2.0,3,0,1,0,0,2,3
100,1,26,1,0,0,0,0,2650000.0,2,1,4.0,3,0,1,0,0,2,3
209,1,11,0,0,0,0,0,6750000.0,3,1,0.0,1,0,0,0,1,2,3
115,1,35,1,1,1,0,0,3200000.0,3,1,3.0,3,0,1,0,0,2,3
52,1,6,1,1,0,0,0,2100000.0,1,1,5.0,1,0,0,1,0,2,3
110,1,0,1,1,1,0,0,3150000.0,2,1,5.0,3,2,1,0,0,1,2
120,1,15,1,1,0,0,1,6250000.0,2,1,-3.0,3,0,1,0,0,1,3
130,2,1,0,1,1,1,0,2550000.0,2,1,0.5,1,0,1,0,0,2,3
110,1,30,0,0,0,0,0,4000000.0,3,0,0.0,1,0,1,0,0,2,3
342,1,27,0,0,1,0,0,16000000.0,4,1,3.0,3,0,1,0,0,1,3
150,1,25,1,1,1,0,0,3480000.0,3,1,8.0,1,0,1,0,0,2,3
110,1,20,0,0,0,0,0,2600000.0,2,1,5.0,3,0,0,1,0,1,3
90,1,35,0,1,0,0,0,3500000.0,2,1,2.0,3,0,0,1,0,1,3
70,1,30,0,0,0,1,1,2650000.0,2,1,0.0,3,0,0,1,0,1,3
150,1,31,0,0,0,0,0,2200000.0,3,1,5.0,1,0,0,1,0,1,3
115,1,3,0,1,1,0,0,3450000.0,2,1,3.0,3,0,0,0,1,1,3
170,2,11,0,1,1,1,0,5750000.0,3,1,4.0,3,0,1,0,0,1,3
110,1,50,0,0,0,0,0,2350000.0,3,1,3.0,1,0,1,0,0,1,3
85,1,5,0,0,1,0,0,3350000.0,2,1,0.5,3,0,1,0,0,2,3
120,1,21,0,0,1,0,1,2725000.0,3,1,3.0,1,0,0,1,0,2,3
100,1,4,0,1,1,0,0,5750000.0,2,1,5.0,3,0,0,1,0,1,3
130,1,15,1,1,0,1,0,4700000.0,3,1,3.0,3,0,0,0,1,2,3
108,1,1,0,0,0,1,0,2780000.0,2,1,2.0,3,0,1,0,0,2,2
110,1,30,0,0,0,0,0,1750000.0,2,1,3.0,1,0,1,0,0,2,3
102,1,4,0,0,0,1,1,2850000.0,2,1,3.0,3,0,1,0,0,1,3
110,1,4,0,0,1,1,0,2900000.0,3,1,1.0,2,0,1,0,0,1,1
135,1,15,1,1,1,0,0,2500000.0,3,1,0.0,3,0,0,1,0,2,3
87,1,5,1,1,1,0,0,3400000.0,2,1,5.0,3,0,0,0,1,1,3
120,3,0,1,0,1,0,0,5700000.0,3,1,3.0,1,2,1,0,0,2,3
150,2,4,0,1,0,0,0,10400000.0,3,1,0.5,1,0,0,0,1,2,3
105,1,11,0,1,1,0,0,2900000.0,2,1,0.0,3,0,1,0,0,2,3
130,1,26,1,0,0,0,0,2100000.0,3,1,1.0,3,0,0,1,0,1,2
140,2,26,1,1,0,0,0,2450000.0,3,1,4.0,3,0,1,0,0,0,2
130,1,26,0,0,0,0,0,1750000.0,3,1,0.0,1,0,1,0,0,1,2
119,1,31,0,0,0,1,0,2100000.0,2,1,0.0,1,0,1,0,0,2,3
226,1,32,0,0,0,0,0,810000.0,3,1,3.0,1,0,0,1,0,2,2
130,1,26,0,0,0,0,0,1975000.0,3,1,3.0,1,0,0,1,0,1,2
354,1,32,0,0,0,1,1,1780000.0,2,1,0.5,1,0,0,0,1,2,3
160,1,21,1,1,1,0,0,2750000.0,3,1,5.0,3,0,0,1,0,2,3
174,2,3,0,0,0,1,0,7300000.0,2,1,3.0,3,0,0,0,1,0,3
100,1,20,0,0,0,0,0,2099000.0,2,1,4.0,3,0,0,1,0,1,3
130,1,21,0,0,0,0,1,1980000.0,3,1,0.0,3,0,0,0,1,2,2
145,1,5,0,1,0,0,0,2900000.0,3,1,0.5,3,0,1,0,0,1,1
220,2,11,0,1,1,0,0,3500000.0,5,1,2.0,3,0,0,0,1,1,2
120,1,26,1,0,0,1,0,3450000.0,1,1,0.0,3,0,1,0,0,2,3
110,1,7,1,0,0,0,0,2650000.0,2,1,3.0,3,0,0,1,0,2,3
60,1,10,0,0,0,0,1,1900000.0,1,1,3.0,1,0,1,0,0,1,3
220,2,2,0,1,1,0,0,13500000.0,4,1,3.0,3,0,1,0,0,2,3
280,3,0,0,1,0,1,0,8500000.0,5,1,6.0,3,0,1,0,0,1,3
140,1,6,0,1,1,0,0,3075000.0,3,1,3.0,3,0,0,0,1,2,2
90,1,0,1,1,1,1,0,3675000.0,2,1,5.0,3,2,1,0,0,1,3
120,2,0,0,1,1,0,0,3400000.0,3,1,2.0,3,2,1,0,0,1,2
140,1,7,0,0,1,0,0,3500000.0,3,1,2.0,3,0,1,0,0,1,2
90,1,1,0,1,0,1,0,2750000.0,2,1,3.0,3,0,1,0,0,2,3
110,1,4,1,1,0,0,0,4000000.0,2,1,0.5,3,0,1,0,0,1,3
60,1,3,0,0,0,0,0,3600000.0,1,1,0.0,3,0,1,0,0,1,3
130,2,0,0,0,1,0,0,3550000.0,2,1,1.0,3,0,1,0,0,2,2
115,1,0,0,1,1,1,0,2585000.0,2,1,3.0,3,2,1,0,0,1,2
290,1,25,0,0,0,0,0,1580000.0,2,1,3.0,1,0,0,1,0,2,2
120,1,50,1,1,0,0,0,3250000.0,3,1,5.0,2,0,1,0,0,2,3
460,1,25,0,0,1,0,0,1850000.0,2,1,3.0,1,0,1,0,0,2,1
231,1,37,0,0,1,0,0,4200000.0,3,1,3.0,1,0,0,0,1,2,3
280,3,5,0,0,1,1,1,11000000.0,4,2,3.0,3,2,1,0,0,2,2
300,1,21,0,1,1,0,0,3500000.0,2,1,0.0,1,0,0,1,0,0,1
210,3,2,1,0,1,1,0,5295000.0,3,1,4.0,3,0,1,0,0,2,3
50,1,8,0,1,0,0,0,1925000.0,1,1,3.0,1,0,1,0,0,2,3
85,1,4,0,1,1,1,0,3175000.0,2,1,0.5,3,0,0,1,0,1,3
55,1,10,0,0,0,0,1,1650000.0,1,1,5.0,1,0,1,0,0,2,3
180,2,20,0,0,0,1,0,2700000.0,2,1,3.0,1,0,1,0,0,2,3
130,2,35,0,0,0,0,0,2150000.0,3,1,2.0,3,0,0,1,0,1,2
105,1,20,1,0,0,0,0,2600000.0,2,1,3.0,1,0,0,1,0,1,3
200,2,6,1,0,1,1,0,9650000.0,3,1,4.0,3,0,1,0,0,2,3
185,2,1,0,0,0,1,0,9750000.0,3,1,5.0,3,0,1,0,0,1,3
160,2,6,0,1,1,0,0,4200000.0,4,1,4.0,3,0,1,0,0,1,3
46,1,0,0,1,1,1,0,2900000.0,1,1,2.0,3,0,1,0,0,1,3
180,1,35,1,0,0,0,0,3420000.0,3,1,1.0,3,0,1,0,0,0,1
147,2,1,0,1,1,0,0,3100000.0,2,1,4.0,3,0,1,0,0,1,3
85,1,32,0,1,1,0,0,3100000.0,2,1,5.0,3,0,1,0,0,1,3
180,1,40,0,0,0,0,0,1350000.0,3,1,3.0,1,0,1,0,0,2,1
141,1,30,1,0,1,0,0,6500000.0,3,1,3.0,2,0,1,0,0,2,3
85,1,24,0,0,0,0,0,4600000.0,2,1,3.0,1,0,0,0,1,2,3
70,1,6,1,1,0,0,0,2849000.0,2,1,4.0,3,0,1,0,0,1,3
120,1,6,0,1,1,0,0,2999000.0,3,1,4.0,3,0,1,0,0,2,3
85,1,4,0,1,1,0,0,3175000.0,2,1,3.0,3,2,1,0,0,1,3
90,3,0,0,1,0,0,0,3050000.0,2,1,2.0,3,0,1,0,0,1,2
145,1,8,1,1,1,1,0,2950000.0,3,1,0.5,3,0,1,0,0,2,2
70,1,0,1,1,0,1,0,2590000.0,2,0,1.0,3,0,1,0,0,1,2
75,1,6,1,0,0,0,0,1700000.0,2,1,0.0,3,0,1,0,0,1,3
110,1,15,0,0,0,0,0,4750000.0,2,1,3.0,2,2,1,0,0,2,3
100,1,0,1,1,0,1,0,2750000.0,2,1,0.5,2,2,1,0,0,1,1
285,2,5,0,0,0,1,0,8650000.0,6,1,4.0,3,0,0,0,1,2,3
150,1,26,1,0,0,0,0,2650000.0,3,1,3.0,3,0,1,0,0,2,3
100,1,0,0,1,1,0,0,3350000.0,2,1,3.0,3,2,1,0,0,2,2
240,2,20,1,1,1,0,0,4200000.0,4,1,5.0,3,0,0,0,1,1,3
125,1,6,1,1,1,1,0,4900000.0,3,1,5.0,3,0,0,1,0,1,3
135,1,0,1,1,1,0,0,3625000.0,3,1,2.0,3,2,1,0,0,1,2
90,1,8,1,1,1,1,0,4900000.0,2,1,2.0,3,0,0,0,1,1,3
148,1,15,0,0,1,0,0,6750000.0,3,1,0.0,1,0,0,0,1,2,3
150,2,0,0,1,0,1,0,6600000.0,5,1,5.0,3,2,1,0,0,2,2
65,1,9,1,0,0,1,0,1685000.0,2,1,0.0,2,0,0,1,0,1,1
110,1,12,1,1,0,0,0,3300000.0,3,1,5.0,3,0,1,0,0,2,3
110,1,0,0,0,1,0,0,4500000.0,2,1,5.0,3,2,1,0,0,1,3
135,1,16,0,1,0,1,0,5200000.0,3,1,3.0,3,0,1,0,0,2,3
48,1,1,1,0,1,0,1,4850000.0,1,1,12.0,2,2,0,1,0,2,3
105,1,0,0,1,1,0,0,3650000.0,2,1,3.0,3,2,1,0,0,1,2
200,1,3,0,1,0,1,1,5850000.0,3,1,5.0,3,0,1,0,0,2,3
174,2,11,1,1,1,1,0,11750000.0,4,1,3.0,3,0,1,0,0,1,3
50,1,6,0,0,0,0,0,2350000.0,1,1,2.0,3,0,1,0,0,1,3
155,2,0,1,1,1,0,0,6750000.0,3,1,1.0,3,0,1,0,0,2,3
85,1,0,1,1,1,1,0,2800000.0,2,1,1.0,3,1,1,0,0,1,3
145,1,20,1,1,1,0,0,4100000.0,3,1,4.0,3,0,1,0,0,2,3
90,2,0,1,1,1,0,0,3600000.0,2,1,1.0,3,2,1,0,0,1,2
240,2,20,1,1,0,1,0,4200000.0,4,1,5.0,3,0,0,0,1,2,3
257,3,26,0,0,0,1,0,16500000.0,4,1,0.0,3,0,0,0,1,1,3
165,1,20,0,0,0,0,0,3250000.0,3,1,3.0,1,0,0,0,1,2,3
110,1,21,0,0,0,1,0,2600000.0,2,1,4.0,3,0,0,1,0,2,3
200,1,12,0,0,0,1,0,12000000.0,3,1,3.0,1,0,0,0,1,0,3
83,1,12,0,0,0,0,0,3970000.0,2,1,3.0,3,0,1,0,0,2,3
115,1,11,0,0,1,0,0,6750000.0,3,1,9.0,3,0,0,0,1,1,3
115,1,6,0,0,0,0,0,3250000.0,2,1,0.5,3,0,0,0,1,2,3
140,1,26,0,0,0,0,0,3700000.0,3,1,4.0,3,0,1,0,0,2,3
160,2,5,0,0,0,0,0,9900000.0,1,0,0.0,3,0,1,0,0,0,3
135,1,20,1,1,1,1,0,3300000.0,4,1,3.0,3,0,0,0,1,2,3
50,1,0,0,1,1,0,0,2575000.0,1,1,0.5,3,2,1,0,0,1,3
300,3,1,1,0,1,1,0,35000000.0,7,1,3.0,2,0,1,0,0,2,3
75,1,0,0,0,0,1,0,2990000.0,2,1,0.5,3,2,1,0,0,1,3
75,1,4,0,1,0,0,0,2950000.0,2,1,2.0,3,0,1,0,0,1,3
85,1,0,1,1,1,1,0,2300000.0,2,1,3.0,3,0,1,0,0,1,3
250,2,1,0,1,0,0,0,7900000.0,5,1,4.0,3,2,1,0,0,2,3
145,1,30,1,1,0,0,0,4100000.0,4,1,0.5,3,0,1,0,0,2,3
130,2,2,0,1,1,0,0,5400000.0,3,1,3.0,2,0,1,0,0,1,3
275,2,14,1,1,0,0,0,8980000.0,6,2,0.5,3,0,0,0,1,2,3
120,1,6,1,1,0,1,0,3750000.0,2,1,4.0,3,0,0,0,1,2,3
75,1,23,1,1,1,0,0,3400000.0,2,1,3.0,3,0,0,0,1,1,3
120,1,16,1,1,0,0,0,3475000.0,3,1,0.0,3,0,0,0,1,1,3
159,1,25,0,0,0,1,0,2100000.0,2,1,0.0,3,0,0,0,1,2,3
157,1,10,1,1,1,0,0,4800000.0,3,1,0.0,1,0,0,0,1,2,3
160,2,12,1,1,1,0,1,4490000.0,4,1,5.0,3,0,0,1,0,2,3
105,1,8,0,0,0,0,0,2350000.0,3,1,3.0,3,0,0,1,0,2,3
125,1,0,1,1,0,1,0,4150000.0,3,1,2.0,3,2,1,0,0,1,2
145,1,6,1,0,0,0,0,4600000.0,3,1,2.0,3,0,0,1,0,1,3
115,1,4,1,1,0,1,0,3950000.0,3,1,4.0,3,0,1,0,0,1,3
100,1,11,1,1,1,0,0,4650000.0,2,1,3.0,3,0,1,0,0,1,3
145,1,15,1,1,1,0,0,4650000.0,3,1,3.0,3,0,1,0,0,1,3
125,1,6,0,1,0,1,0,4550000.0,3,1,1.0,3,0,1,0,0,2,3
280,3,0,1,1,0,0,0,8500000.0,5,1,5.0,3,0,1,0,0,2,3
155,2,6,1,0,1,0,0,4750000.0,3,1,8.0,3,0,1,0,0,2,2
125,1,0,1,1,1,1,0,3650000.0,3,1,3.0,3,0,1,0,0,1,3
145,2,6,1,1,0,0,0,7700000.0,3,1,5.0,3,0,0,0,1,1,3
110,1,4,0,1,0,1,0,3150000.0,2,1,3.0,2,0,1,0,0,2,1
145,1,13,1,1,1,0,0,6800000.0,3,1,5.0,3,0,0,1,0,1,3
90,2,7,0,0,0,1,0,2800000.0,2,1,5.0,2,0,0,0,1,1,3
120,1,20,0,0,1,0,0,4200000.0,3,1,3.0,3,0,0,0,1,1,3
120,2,4,1,1,1,1,0,5700000.0,3,1,2.0,3,0,1,0,0,1,3
85,1,4,0,0,0,1,0,2450000.0,2,1,0.0,3,0,0,1,0,2,3
140,1,6,0,1,0,1,0,4200000.0,3,1,4.0,3,0,0,0,1,2,3
86,1,2,0,0,1,1,0,1550000.0,2,1,1.0,2,0,1,0,0,0,3
145,1,2,1,1,1,1,0,3250000.0,3,1,3.0,3,0,1,0,0,1,3
103,2,0,0,0,1,0,0,3500000.0,2,1,2.0,3,2,1,0,0,1,2
45,1,6,1,0,0,0,1,1800000.0,1,1,0.5,1,0,1,0,0,1,1
80,1,8,0,1,1,1,0,3150000.0,2,1,2.0,3,0,0,1,0,1,3
90,1,2,0,1,1,0,0,3550000.0,2,1,3.0,3,0,0,1,0,2,3
135,1,3,0,1,1,0,0,6100000.0,3,1,3.0,3,0,1,0,0,1,3
145,1,27,1,1,1,0,0,3425000.0,3,1,5.0,3,0,0,0,1,2,3
95,1,5,1,1,1,1,0,3600000.0,2,1,3.0,3,0,0,0,1,1,3
90,1,34,0,0,0,0,1,2340000.0,2,1,5.0,1,0,0,1,0,1,3
204,2,5,0,1,1,1,0,5400000.0,4,1,4.0,3,0,1,0,0,2,3
202,2,0,0,1,1,1,0,5250000.0,4,1,3.0,3,0,1,0,0,1,2
170,2,0,0,1,0,1,0,5250000.0,3,1,6.0,3,0,1,0,0,1,2
100,1,31,1,0,0,0,0,1705000.0,2,1,0.0,1,0,0,1,0,1,2
110,1,16,0,0,1,1,1,2650000.0,3,1,-3.0,0,0,0,1,0,2,3
130,1,1,0,0,1,0,0,2890000.0,3,1,0.0,2,2,1,0,0,1,2
90,2,0,1,1,0,0,0,3800000.0,2,1,1.0,3,0,1,0,0,1,3
140,1,8,0,0,0,0,0,5500000.0,3,1,5.0,3,0,0,0,1,2,3
160,2,1,1,0,1,0,0,5900000.0,3,1,1.0,3,2,1,0,0,1,3
55,1,10,0,0,0,0,0,3250000.0,1,1,0.0,2,0,1,0,0,2,3
130,1,25,0,1,1,0,0,4750000.0,3,1,2.0,3,0,1,0,0,1,3
130,1,26,1,0,0,0,0,3950000.0,3,1,1.0,3,0,0,0,1,1,3
110,2,2,1,1,0,1,0,6300000.0,2,1,5.0,3,0,0,0,1,1,3
600,1,15,0,1,0,0,0,10250000.0,2,0,3.0,1,0,0,0,1,2,2
90,1,7,0,1,1,1,0,3500000.0,2,1,1.0,3,0,0,0,1,2,3
125,1,15,1,1,0,0,0,3380000.0,3,1,2.0,3,0,1,0,0,1,3
170,2,0,0,1,1,0,0,6500000.0,3,1,4.0,3,1,1,0,0,2,3
170,2,0,1,1,0,0,0,5250000.0,3,1,6.0,3,0,1,0,0,1,2
135,1,15,0,0,1,0,0,4050000.0,3,1,2.0,3,0,1,0,0,2,3
365,1,25,0,0,0,0,0,3000000.0,2,1,3.0,1,0,0,1,0,0,2
148,1,7,0,0,0,0,0,5000000.0,3,1,3.0,3,0,0,1,0,2,3
150,1,3,1,0,0,0,0,4250000.0,3,1,3.0,3,0,1,0,0,2,2
110,1,0,0,1,1,0,0,3850000.0,2,1,2.0,3,2,1,0,0,2,3
165,2,1,1,1,1,0,0,7000000.0,3,0,1.0,3,2,1,0,0,1,3
65,1,6,0,1,1,0,0,4650000.0,2,0,3.0,3,0,0,1,0,1,3
130,1,6,0,0,1,0,0,4450000.0,3,1,3.0,3,0,1,0,0,2,3
100,1,30,1,1,0,1,0,3975000.0,2,1,1.0,3,0,1,0,0,2,3
110,1,0,1,1,1,0,0,4000000.0,2,1,2.0,3,0,1,0,0,2,3
100,1,6,1,1,0,0,0,3950000.0,1,1,6.0,3,0,0,0,1,1,3
130,1,6,1,1,1,0,0,3650000.0,3,1,2.0,3,0,1,0,0,1,2
85,1,0,1,1,1,0,0,3300000.0,2,0,3.0,3,2,1,0,0,1,2
110,1,4,0,0,1,1,0,7150000.0,2,1,2.0,3,0,0,1,0,1,3
135,1,6,1,0,0,1,0,5670000.0,3,1,3.0,3,0,0,0,1,2,3
85,1,35,0,1,1,0,0,4300000.0,2,1,1.0,3,0,0,0,1,1,3
160,1,10,1,0,0,0,0,3800000.0,3,1,4.0,3,0,1,0,0,2,3
120,1,31,1,0,0,0,0,3695000.0,2,1,5.0,3,0,1,0,0,1,3
90,1,40,0,0,0,1,0,600000.0,2,1,3.0,1,0,1,0,0,0,1
300,3,0,0,1,0,0,0,6700000.0,5,1,4.0,3,0,1,0,0,2,2
172,2,5,1,1,1,0,0,5250000.0,3,1,4.0,2,0,0,1,0,2,3
130,2,6,1,1,0,1,0,4450000.0,3,1,3.0,3,0,0,1,0,2,3
115,1,28,1,1,0,1,0,3800000.0,3,1,2.0,3,0,1,0,0,1,3
125,1,40,0,1,0,0,0,4299000.0,3,1,2.0,2,0,1,0,0,1,3
125,1,7,1,0,0,0,0,3650000.0,3,1,5.0,3,0,1,0,0,1,3
125,1,5,1,1,1,0,0,3850000.0,3,1,4.0,3,0,0,1,0,1,2
105,1,5,0,0,0,0,1,8250000.0,2,0,3.0,1,0,1,0,0,2,2
115,1,0,1,1,1,0,0,3600000.0,2,1,2.0,3,2,1,0,0,1,2
95,1,5,0,0,1,0,0,3350000.0,2,1,4.0,3,0,1,0,0,1,3
125,1,21,1,0,0,0,0,3975000.0,2,1,2.0,3,0,1,0,0,1,3
115,1,21,1,0,0,0,0,2550000.0,2,1,4.0,1,0,0,1,0,2,3
220,3,0,0,0,1,0,0,6500000.0,4,1,3.0,3,2,1,0,0,1,2
120,1,25,1,0,0,0,0,3075000.0,3,1,5.0,3,0,0,1,0,1,3
90,1,31,0,1,0,0,0,7750000.0,2,1,1.0,1,0,1,0,0,1,3
138,1,31,1,0,0,0,0,3450000.0,3,1,0.5,3,0,1,0,0,2,3
220,3,0,0,0,1,1,0,17949000.0,5,1,3.0,3,2,1,0,0,2,3
200,2,15,0,1,1,1,0,8150000.0,5,1,5.0,3,0,0,0,1,1,3
120,1,25,1,1,0,0,0,14000.0,3,1,5.0,3,0,1,0,0,2,3
260,2,11,0,0,0,0,0,3550000.0,5,1,0.0,3,0,0,1,0,2,2
55,1,0,0,1,1,1,0,3550000.0,1,1,2.0,3,2,1,0,0,2,3
400,1,11,0,1,0,1,1,3725000.0,2,1,3.0,1,0,1,0,0,0,3
115,1,7,1,1,0,1,0,2550000.0,3,1,2.0,2,0,1,0,0,2,1
110,1,14,1,0,1,0,0,3450000.0,3,1,0.5,3,0,1,0,0,1,3
135,1,16,0,1,0,1,0,4500000.0,3,1,5.0,3,0,1,0,0,2,3
280,2,6,0,0,1,0,0,6500000.0,6,1,5.0,3,0,0,0,1,1,3
120,1,4,0,1,1,1,0,4650000.0,3,1,3.0,3,0,1,0,0,1,3
95,1,2,1,1,1,0,0,3650000.0,2,1,5.0,3,0,0,1,0,1,3
145,1,5,1,0,1,0,0,5500000.0,3,1,5.0,3,0,1,0,0,2,3
165,1,19,1,1,1,0,0,6500000.0,3,1,3.0,3,0,0,1,0,2,3
280,2,4,0,0,1,0,0,4500000.0,3,1,2.0,2,0,1,0,0,2,3
125,2,0,1,1,1,0,0,4500000.0,3,1,2.0,3,2,1,0,0,1,2
185,2,16,1,1,1,1,0,4625000.0,3,1,1.0,3,0,0,0,1,1,3
150,1,15,1,1,0,0,0,5500000.0,3,1,3.0,3,0,1,0,0,1,3
115,2,1,0,1,1,0,0,3950000.0,2,1,10.0,2,0,0,1,0,1,3
382,2,5,1,1,0,1,1,6000000.0,4,1,0.0,1,0,1,0,0,0,3
140,1,5,1,1,1,0,0,6850000.0,3,1,0.5,3,0,0,1,0,2,3
148,1,9,0,0,1,0,0,3500000.0,3,1,0.0,1,0,0,1,0,1,3
300,2,3,1,0,1,1,0,9750000.0,4,2,5.0,3,0,0,0,1,2,3
100,1,0,1,0,0,1,0,2435000.0,1,1,0.5,3,2,1,0,0,1,2
120,1,26,0,0,1,1,0,3800000.0,3,1,5.0,3,0,1,0,0,1,3
45,1,0,0,0,0,0,0,3375000.0,1,1,3.0,3,0,1,0,0,1,3
55,1,1,1,1,1,0,1,4100000.0,1,1,0.5,3,0,1,0,0,1,3
90,1,31,1,0,0,0,0,1400000.0,2,1,2.0,3,0,1,0,0,2,2
75,1,0,0,0,1,0,0,2450000.0,2,1,2.0,3,0,1,0,0,1,3
112,1,16,1,1,1,0,0,6500000.0,3,1,2.0,3,0,1,0,0,2,3
170,2,0,0,0,1,0,0,8250000.0,4,1,5.0,3,2,1,0,0,2,2
135,1,11,0,1,0,0,0,3200000.0,3,1,4.0,3,0,0,1,0,1,3
135,1,6,1,1,0,0,0,3650000.0,3,1,1.0,3,0,1,0,0,1,3
80,1,6,1,0,1,0,0,3150000.0,2,1,0.5,3,0,1,0,0,2,3
73,2,0,0,0,0,1,0,2950000.0,2,0,1.0,3,0,1,0,0,1,2
120,1,5,0,0,1,1,0,7200000.0,2,1,5.0,3,0,1,0,0,2,3
250,2,0,0,0,0,0,0,7490000.0,5,1,0.0,3,0,1,0,0,2,3
142,2,8,1,1,1,0,0,3590000.0,3,1,5.0,3,0,1,0,0,2,2
130,2,0,1,1,1,1,0,4650000.0,3,1,3.0,3,0,1,0,0,1,3
145,1,13,0,0,1,0,0,5250000.0,3,1,4.0,3,0,0,0,1,1,3
138,1,11,1,0,0,0,0,3600000.0,3,1,2.0,3,0,0,0,1,1,2
135,1,25,1,0,0,0,0,3750000.0,3,1,3.0,3,0,1,0,0,2,3
75,1,4,0,1,0,0,0,2950000.0,2,1,2.0,3,0,1,0,0,1,3
134,1,20,0,0,0,0,0,2450000.0,3,1,1.0,3,0,0,0,1,1,2
120,2,0,1,1,1,1,0,4150000.0,3,1,3.0,3,2,1,0,0,1,2
135,1,30,0,0,1,0,0,3600000.0,3,1,0.5,3,0,0,0,1,1,3
400,3,21,0,0,0,0,1,10500000.0,4,1,5.0,3,0,1,0,0,2,3
230,2,1,0,1,0,0,0,5700000.0,3,1,5.0,3,0,1,0,0,1,3
95,1,10,0,1,0,1,0,3150000.0,3,1,0.5,3,0,1,0,0,1,3
125,1,21,0,1,0,0,0,4450000.0,3,1,4.0,3,0,1,0,0,2,3
120,1,25,1,0,0,0,0,3200000.0,3,1,4.0,3,0,1,0,0,2,3
105,1,1,0,1,0,1,0,2995000.0,2,1,3.0,3,0,1,0,0,1,3
240,2,1,1,0,1,1,0,4670000.0,4,1,4.0,3,0,1,0,0,2,2
140,1,31,1,1,1,1,0,3375000.0,3,1,5.0,3,0,0,0,1,2,3
148,1,3,1,1,1,0,1,4200000.0,3,0,5.0,3,0,1,0,0,2,2
120,2,0,1,0,1,1,0,3550000.0,3,1,3.0,3,0,1,0,0,1,2
132,1,12,0,0,0,0,0,2500000.0,2,1,1.0,3,0,1,0,0,2,3
111,1,33,0,1,1,0,0,2490000.0,2,1,0.5,1,0,0,1,0,2,3
340,2,10,0,1,0,1,0,4550000.0,4,2,0.0,3,0,0,1,0,2,3
200,2,8,0,1,0,1,0,5300000.0,4,1,5.0,3,0,0,1,0,1,3
85,1,19,0,0,0,1,1,2900000.0,2,1,1.0,3,0,0,1,0,2,2
80,1,0,0,1,1,0,0,3000000.0,2,1,1.0,3,2,1,0,0,1,2
55,1,0,0,0,1,0,1,2650000.0,1,1,2.0,3,0,0,1,0,1,3
125,1,0,1,1,1,1,0,3650000.0,3,1,3.0,3,2,1,0,0,1,3
125,1,1,0,0,1,0,0,4800000.0,3,1,1.0,3,2,1,0,0,1,2
480,3,11,0,0,1,0,0,58900000.0,5,2,3.0,3,0,0,0,1,1,3
175,1,21,0,0,0,0,0,2100000.0,3,1,0.0,1,0,0,1,0,2,3
140,1,7,0,1,0,0,0,2900000.0,3,1,5.0,3,0,1,0,0,2,3
170,3,2,1,0,1,0,0,5500000.0,3,1,4.0,3,0,0,0,1,2,3
95,1,11,0,1,0,1,0,2700000.0,2,1,1.0,3,0,1,0,0,2,3
220,2,17,1,1,1,0,1,6200000.0,4,1,5.0,3,0,0,0,1,2,3
130,1,11,1,1,1,1,0,3500000.0,3,1,1.0,3,0,0,0,1,2,3
255,3,0,1,1,1,1,0,7500000.0,4,1,4.0,3,0,1,0,0,2,3
275,1,31,0,0,0,0,0,3250000.0,4,1,0.0,0,0,1,0,0,2,3
95,1,5,1,1,1,0,0,2980000.0,2,1,3.0,3,0,1,0,0,2,2
175,2,2,0,1,1,0,0,6250000.0,4,1,4.0,3,0,1,0,0,1,3
105,1,6,1,1,0,0,0,3650000.0,2,1,4.0,3,0,0,0,1,1,3
60,1,2,1,0,0,0,0,3250000.0,1,1,0.5,3,0,1,0,0,1,3
125,1,16,1,1,0,1,0,3750000.0,3,1,1.0,3,0,1,0,0,2,3
140,1,1,1,1,0,1,0,4350000.0,3,1,2.0,3,0,1,0,0,1,3
80,1,6,0,0,0,1,1,3050000.0,2,1,3.0,3,0,1,0,0,1,3
115,1,11,1,0,1,0,0,5750000.0,2,1,0.5,3,0,0,0,1,1,3
58,1,0,0,0,0,0,0,3000000.0,1,1,2.0,3,0,1,0,0,1,3
160,2,15,0,1,1,0,0,7500000.0,3,1,10.0,3,0,0,1,0,2,3
135,2,0,1,1,1,1,0,5800000.0,3,1,3.0,3,2,1,0,0,1,3
100,1,0,1,1,1,0,0,3750000.0,2,1,3.0,3,2,1,0,0,2,3
60,1,0,1,1,1,0,0,2750000.0,1,1,3.0,3,0,1,0,0,1,3
145,2,5,1,0,0,0,0,4300000.0,3,1,1.0,3,0,0,1,0,1,3
130,1,0,0,1,1,0,0,4250000.0,3,1,1.0,3,2,1,0,0,1,2
130,1,25,1,1,1,0,0,3800000.0,3,1,3.0,3,0,1,0,0,1,2
205,2,16,1,1,0,0,0,4500000.0,3,1,2.0,3,0,0,0,1,2,3
190,2,0,0,0,0,1,0,6500000.0,3,1,1.0,3,0,1,0,0,2,3
157,2,4,1,1,1,0,0,4800000.0,3,1,3.0,3,0,0,0,1,2,3
55,1,15,0,1,0,0,0,5500000.0,1,1,3.0,3,0,0,1,0,2,3
85,1,21,1,0,0,0,1,1750000.0,2,1,3.0,1,0,0,1,0,1,3
170,2,0,0,0,1,1,0,18500000.0,4,1,0.0,3,0,1,0,0,1,3
95,1,28,0,0,0,0,0,1350000.0,2,1,5.0,3,0,1,0,0,2,2
125,1,21,0,1,0,1,0,3650000.0,3,1,5.0,3,0,1,0,0,2,3
201,2,11,0,1,0,1,0,2950000.0,2,2,4.0,3,0,0,1,0,1,3
95,1,4,0,0,1,0,0,3250000.0,2,1,4.0,3,0,1,0,0,2,3
125,1,30,0,0,0,0,0,1875000.0,3,1,4.0,3,0,1,0,0,1,2
269,1,16,0,1,1,0,0,6950000.0,3,1,0.0,1,0,1,0,0,2,3
175,1,0,0,1,1,0,0,6800000.0,3,1,4.0,3,0,1,0,0,1,2
145,1,11,1,1,1,1,0,4499000.0,3,1,0.5,3,0,1,0,0,2,3
135,1,9,0,1,0,0,0,9000000.0,4,2,3.0,3,0,1,0,0,1,2
130,1,5,1,1,0,0,0,4950000.0,3,1,3.0,3,0,0,0,1,1,3
125,2,28,0,1,0,0,0,3750000.0,3,1,5.0,3,2,0,0,1,2,3
160,1,6,0,1,1,0,0,2250000.0,3,1,0.0,3,0,0,1,0,2,3
196,1,11,0,1,0,1,0,5000000.0,3,1,3.0,1,0,0,0,1,2,3
135,2,7,1,0,0,0,0,2975000.0,3,1,2.0,3,0,1,0,0,2,1
90,2,0,1,0,1,0,0,3400000.0,2,1,2.0,3,0,1,0,0,1,3
160,2,4,0,0,0,0,0,5500000.0,3,1,1.0,3,0,1,0,0,1,2
170,2,3,0,1,1,0,0,4100000.0,4,1,3.0,3,2,1,0,0,1,2
135,1,6,0,0,0,0,0,3550000.0,3,1,3.0,3,0,1,0,0,1,3
135,2,0,1,1,1,0,0,5650000.0,3,1,3.0,3,0,1,0,0,1,3
100,1,31,0,0,0,0,0,2500000.0,2,1,2.0,3,0,0,0,1,2,3
95,1,0,1,1,1,0,0,2850000.0,2,1,3.0,3,2,1,0,0,2,3
130,1,25,1,1,0,1,0,4500000.0,3,1,3.0,3,0,1,0,0,1,3
130,1,11,1,1,1,0,0,3650000.0,2,1,4.0,3,0,0,0,1,1,3
195,3,6,1,0,1,1,0,7650000.0,5,2,1.0,2,0,1,0,0,2,3
55,1,0,0,0,0,1,0,1995000.0,1,1,0.5,3,0,1,0,0,1,3
100,1,0,1,1,1,0,0,3750000.0,2,1,1.0,3,0,1,0,0,2,3
180,1,25,1,1,0,1,0,4990000.0,3,1,3.0,3,0,0,0,1,1,3
115,1,25,0,1,0,1,0,3975000.0,2,1,3.0,3,0,1,0,0,1,3
100,1,31,0,1,1,0,0,5300000.0,2,1,2.0,3,0,0,0,1,2,3
155,2,28,1,1,0,0,0,5650000.0,3,1,3.0,3,0,1,0,0,2,3
132,2,1,0,1,1,1,0,4425000.0,3,1,3.0,3,0,1,0,0,2,2
120,1,7,0,1,0,0,0,2900000.0,3,1,2.0,3,0,1,0,0,2,3
190,2,5,1,1,0,0,0,4500000.0,3,1,4.0,3,0,0,0,1,1,2
109,1,40,0,0,0,0,0,1150000.0,3,1,3.0,1,0,1,0,0,2,2
115,1,25,0,1,1,1,0,4450000.0,3,1,2.0,3,0,1,0,0,1,3
128,2,0,0,1,1,0,0,6750000.0,3,1,1.0,3,0,1,0,0,1,2
95,1,5,1,0,1,0,0,3600000.0,2,1,2.0,3,0,0,0,1,2,3
129,1,11,0,1,0,1,0,4300000.0,3,1,4.0,3,0,1,0,0,2,3
170,1,15,0,0,1,0,0,8200000.0,3,1,1.0,3,0,0,0,1,2,3
130,1,30,0,0,1,0,0,3000000.0,3,1,0.0,1,0,0,1,0,2,3
110,1,11,0,1,0,0,0,3500000.0,3,1,4.0,3,0,0,1,0,1,3
300,2,3,0,1,1,1,0,4850000.0,6,1,3.0,3,0,0,1,0,1,2
270,3,1,0,0,1,0,0,4800000.0,5,1,3.0,3,2,1,0,0,1,2
125,1,26,0,1,1,0,0,3850000.0,3,1,2.0,1,0,1,0,0,1,3
125,1,30,1,1,0,0,0,3450000.0,3,1,0.5,3,0,1,0,0,2,3
190,2,26,0,0,0,1,0,2990000.0,5,1,0.0,1,0,0,1,0,2,3
435,1,34,0,1,0,0,0,3400000.0,3,1,0.0,1,0,1,0,0,2,3
300,3,5,1,1,1,1,0,9500000.0,5,1,4.0,3,0,0,0,1,2,3
80,1,4,1,1,0,0,0,3350000.0,2,1,0.5,3,0,1,0,0,1,3
145,1,30,0,0,0,0,0,3550000.0,3,1,1.0,3,0,0,0,1,2,3
120,1,30,0,0,0,1,0,4800000.0,3,1,2.0,3,0,1,0,0,1,3
130,1,25,1,1,1,1,0,4800000.0,3,1,3.0,3,0,1,0,0,1,3
380,2,11,0,0,0,1,0,15000000.0,5,1,3.0,3,0,0,0,1,2,3
185,1,0,1,1,0,1,0,5549000.0,5,1,5.0,3,0,1,0,0,1,3
125,2,5,0,1,1,0,0,3950000.0,3,1,0.5,3,0,1,0,0,1,3
135,2,0,1,0,0,0,0,5500000.0,3,1,5.0,3,2,1,0,0,2,3
120,1,35,0,0,0,1,0,1950000.0,3,1,4.0,3,0,1,0,0,1,2
282,3,0,0,1,1,1,0,16250000.0,6,1,0.0,3,0,1,0,0,1,2
100,1,16,0,0,0,1,0,1900000.0,1,1,4.0,3,0,0,1,0,2,3
135,1,15,0,1,1,0,0,3300000.0,3,1,4.0,3,0,0,1,0,1,2
140,1,15,0,0,0,0,1,6500000.0,4,1,3.0,1,0,1,0,0,2,3
145,1,30,0,0,0,0,0,3000000.0,3,0,0.5,1,0,0,1,0,2,2
150,1,25,1,1,0,1,0,3150000.0,3,1,-1.0,3,0,0,0,1,2,3
99,1,2,0,1,1,0,0,3850000.0,2,1,3.0,3,0,1,0,0,2,3
55,1,5,0,1,0,0,1,2600000.0,1,1,2.0,3,0,1,0,0,2,3
285,1,40,0,0,0,0,0,40000.0,3,1,3.0,1,0,1,0,0,2,3
90,1,6,0,1,0,0,0,2600000.0,2,1,3.0,3,0,0,1,0,1,3
110,1,15,0,0,1,0,1,3200000.0,2,1,2.0,3,0,1,0,0,1,2
135,1,6,0,0,0,0,0,2350000.0,3,1,3.0,3,0,1,0,0,1,2
275,2,1,0,1,1,1,0,4000000.0,4,1,3.0,3,0,1,0,0,1,2
300,1,15,0,0,0,0,0,3050000.0,2,1,3.0,1,0,1,0,0,0,3
125,1,22,1,1,1,1,0,4750000.0,3,1,3.0,3,0,1,0,0,1,3
155,1,30,0,0,0,0,0,6300000.0,3,1,3.0,1,0,0,1,0,1,3
130,1,0,1,1,1,0,0,3900000.0,3,1,2.0,3,0,1,0,0,1,3
130,1,25,1,1,0,1,0,4500000.0,3,1,3.0,3,0,1,0,0,1,3
120,1,26,0,0,0,0,0,2250000.0,3,1,2.0,3,0,1,0,0,2,3
150,1,21,0,0,0,0,0,3860000.0,3,1,2.0,3,0,1,0,0,2,3
120,1,20,0,0,0,1,0,3350000.0,2,1,3.0,2,0,0,0,1,2,3
100,1,18,0,0,1,0,0,3750000.0,2,1,0.5,3,0,0,0,1,1,3
135,1,16,1,0,0,0,0,6450000.0,3,1,5.0,3,0,0,0,1,2,3
170,2,1,0,1,1,1,0,5500000.0,3,1,1.0,3,0,1,0,0,2,3
110,1,0,0,1,1,0,0,3750000.0,2,1,4.0,3,0,1,0,0,2,3
125,1,16,1,1,0,0,0,3900000.0,3,1,2.0,3,0,1,0,0,2,3
95,1,21,0,0,0,0,0,1620000.0,2,1,5.0,1,0,1,0,0,2,3
300,3,5,0,0,0,0,0,9000000.0,5,1,5.0,3,0,0,0,1,1,3
130,3,0,0,0,1,1,0,14000000.0,3,1,0.0,3,0,1,0,0,1,3
95,1,6,0,1,0,0,0,3100000.0,2,1,3.0,3,0,1,0,0,1,3
85,1,0,0,1,1,1,0,3250000.0,2,1,3.0,3,2,1,0,0,1,3
116,1,0,0,1,1,0,0,3900000.0,2,1,4.0,3,2,1,0,0,1,3
140,1,10,1,1,1,1,0,3650000.0,3,1,2.0,3,0,0,0,1,2,3
295,3,14,1,1,1,1,0,3750000.0,4,1,4.0,3,0,0,0,1,2,2
140,2,6,1,1,1,1,0,3850000.0,3,1,6.0,3,0,0,0,1,1,2
306,1,35,0,0,0,0,1,3500000.0,2,1,3.0,0,0,0,0,1,2,3
85,1,25,1,0,0,0,0,3950000.0,2,1,2.0,3,0,0,0,1,1,3
57,1,0,0,0,0,1,0,3750000.0,1,1,2.0,3,0,1,0,0,1,3
300,2,3,0,1,1,1,0,4850000.0,6,1,3.0,3,0,0,1,0,1,2
125,1,6,0,1,1,0,0,3350000.0,3,1,4.0,3,0,0,0,1,2,3
160,2,0,1,1,1,1,0,4750000.0,3,1,2.0,2,0,1,0,0,2,3
115,1,38,1,1,1,1,0,3590000.0,3,1,5.0,3,0,1,0,0,1,3
99,1,23,1,1,0,0,0,2575000.0,2,1,2.0,3,0,1,0,0,2,3
125,1,21,1,1,1,1,0,4275000.0,3,1,1.0,3,0,1,0,0,1,3
91,1,5,1,0,1,1,0,3750000.0,2,1,2.0,3,0,1,0,0,1,3
80,1,2,1,1,1,1,0,5800000.0,2,1,0.5,3,0,0,1,0,1,3
220,2,11,0,1,1,0,0,4250000.0,4,1,2.0,3,0,0,0,1,2,3
135,2,0,0,1,1,0,0,3150000.0,2,1,2.0,3,0,1,0,0,1,2
125,2,0,1,0,1,0,0,6550000.0,3,1,0.5,3,0,1,0,0,2,3
90,1,16,0,0,0,0,0,3200000.0,2,1,0.5,3,0,0,0,1,1,3
86,1,0,1,0,1,1,0,3800000.0,2,1,1.0,3,2,1,0,0,1,3
90,1,11,0,0,0,0,0,3180000.0,2,1,2.0,3,0,1,0,0,2,3
120,1,4,1,0,0,0,0,3800000.0,2,1,10.0,2,0,0,1,0,1,3
350,3,14,0,0,0,1,0,6500000.0,7,0,0.0,1,0,1,0,0,2,1
90,1,23,1,1,0,1,0,3740000.0,2,1,3.0,3,0,0,0,1,1,3
126,2,0,0,0,0,0,0,4500000.0,3,1,0.5,3,0,1,0,0,1,2
480,3,16,0,0,0,1,0,35000000.0,7,1,3.0,3,0,1,0,0,2,3
137,1,25,0,0,0,0,0,1800000.0,3,1,5.0,3,0,1,0,0,1,2
78,1,0,0,0,0,1,0,3449000.0,1,1,1.0,3,0,1,0,0,2,3
160,2,13,1,1,0,0,0,4990000.0,4,1,5.0,3,0,1,0,0,2,3
60,1,0,0,0,0,0,0,2250000.0,2,1,0.5,3,0,1,0,0,1,3
90,1,6,0,0,0,1,0,1950000.0,2,1,0.0,0,0,1,0,0,1,3
140,1,35,0,1,0,0,0,2800000.0,3,1,5.0,1,0,1,0,0,2,3
85,1,6,0,1,0,0,0,1440000.0,2,1,4.0,3,0,1,0,0,1,3
116,1,0,1,1,0,0,0,4750000.0,3,1,4.0,3,0,1,0,0,2,3
145,1,12,1,1,1,1,0,6300000.0,3,1,6.0,3,0,1,0,0,1,3
140,1,5,0,1,1,0,0,5200000.0,3,1,3.0,3,0,1,0,0,2,3
120,2,16,0,1,0,0,0,2700000.0,2,1,0.5,3,0,1,0,0,0,2
110,1,25,0,1,0,0,0,3500000.0,3,1,2.0,3,0,0,1,0,1,3
85,1,25,1,1,0,0,0,2849000.0,2,1,2.0,3,0,0,0,1,2,3
50,1,0,1,1,1,0,0,2750000.0,1,1,2.0,3,2,1,0,0,1,3
40,1,0,1,1,0,1,0,3350000.0,1,1,4.0,3,0,1,0,0,2,3
140,1,4,0,1,1,1,0,3450000.0,3,1,2.0,3,0,0,1,0,1,2
140,1,26,0,0,0,0,0,2350000.0,3,1,4.0,3,0,0,0,1,1,2
135,1,16,1,0,0,0,0,4000000.0,3,1,4.0,3,0,0,1,0,2,3
110,1,21,1,1,0,0,0,3150000.0,2,1,0.0,3,0,1,0,0,1,3
220,2,1,0,1,1,0,0,4500000.0,4,1,5.0,3,0,0,0,1,2,3
170,2,0,1,1,1,0,0,4600000.0,3,1,3.0,2,0,1,0,0,1,3
116,1,30,0,0,1,0,0,1375000.0,2,1,3.0,1,0,1,0,0,2,1
155,2,0,1,1,1,1,0,6000000.0,3,1,6.0,3,0,1,0,0,1,3
120,1,16,1,1,0,0,0,4250000.0,3,1,5.0,3,0,0,0,1,1,3
132,1,11,0,0,0,0,0,2475000.0,2,1,1.0,3,0,1,0,0,2,3
135,1,21,0,0,0,1,0,2395000.0,3,1,1.0,0,0,1,0,0,2,3
112,1,21,1,0,0,1,0,1750000.0,3,1,5.0,1,0,1,0,0,2,3
95,1,6,1,1,1,0,0,6650000.0,3,1,2.0,3,0,1,0,0,2,3
125,1,0,0,1,1,0,0,3850000.0,3,1,4.0,3,0,1,0,0,2,3
135,2,0,0,1,1,0,0,6500000.0,3,1,2.0,3,0,1,0,0,2,3
200,1,35,0,1,1,1,0,5500000.0,3,1,2.0,3,0,0,0,1,1,3
240,2,25,1,0,0,0,0,2500000.0,5,1,1.0,0,0,1,0,0,2,3
176,3,0,1,1,0,0,0,10500000.0,4,1,0.0,3,0,1,0,0,1,2
55,1,1,1,0,1,0,1,3600000.0,1,1,2.0,3,0,1,0,0,1,3
140,1,15,1,1,1,0,0,4300000.0,3,1,3.0,3,0,0,1,0,2,3
115,1,31,0,0,0,0,0,4600000.0,2,1,0.5,3,0,0,1,0,2,3
100,1,30,0,1,0,1,0,2550000.0,2,1,5.0,3,0,1,0,0,1,3
94,2,4,0,1,0,0,0,6200000.0,2,1,2.0,3,0,0,0,1,1,3
130,1,6,1,0,0,1,0,3500000.0,2,1,4.0,3,0,1,0,0,2,3
170,1,11,0,0,1,1,0,3900000.0,3,1,0.0,3,0,0,0,1,2,3
85,1,6,0,1,0,0,0,2400000.0,2,1,4.0,3,0,1,0,0,2,3
105,1,31,1,1,0,0,0,3200000.0,3,1,4.0,3,0,1,0,0,1,3
165,2,11,0,1,0,1,0,5000000.0,4,1,2.0,3,0,0,0,1,1,2
175,1,13,0,0,0,0,0,4920000.0,3,1,2.0,3,0,1,0,0,2,3
130,1,15,1,1,0,1,0,3550000.0,3,1,5.0,3,0,1,0,0,2,3
280,3,0,1,1,1,1,0,11450000.0,5,2,6.0,3,0,1,0,0,1,3
140,1,21,0,0,0,1,0,2450000.0,3,1,3.0,0,0,1,0,0,2,3
115,1,4,0,1,1,0,0,3250000.0,2,1,5.0,3,0,1,0,0,1,2
140,1,0,0,1,1,0,0,4350000.0,3,1,3.0,3,0,1,0,0,2,3
125,1,0,0,1,0,0,0,5600000.0,3,1,2.0,3,0,1,0,0,2,3
170,1,25,0,1,0,1,0,8500000.0,3,1,3.0,3,0,1,0,0,1,3
105,1,25,0,0,0,0,0,4500000.0,2,1,3.0,1,0,1,0,0,0,3
258,2,35,0,0,0,1,0,1750000.0,4,1,3.0,1,0,1,0,0,2,2
80,1,25,0,0,1,1,0,3675000.0,2,1,0.5,3,0,1,0,0,1,3
190,2,0,0,0,0,0,0,5600000.0,3,1,4.0,3,0,1,0,0,1,2
50,1,0,0,1,0,0,0,3200000.0,1,1,2.0,3,0,1,0,0,1,3
95,1,11,0,1,0,1,0,2650000.0,2,1,1.0,3,0,1,0,0,2,3
95,2,2,1,1,0,0,0,3700000.0,2,1,2.0,3,0,0,0,1,2,3
310,2,6,1,0,0,1,0,11500000.0,6,1,4.0,3,0,1,0,0,2,3
130,1,31,1,0,1,0,0,3100000.0,3,1,5.0,3,0,0,0,1,1,3
160,1,13,0,0,0,0,0,3100000.0,3,1,2.0,3,0,0,1,0,2,3
250,2,6,1,0,0,0,0,5450000.0,5,1,5.0,3,0,1,0,0,1,3
130,1,21,1,1,1,0,0,4200000.0,3,1,3.0,3,0,1,0,0,1,3
100,1,0,1,0,1,1,0,2750000.0,2,1,0.0,3,0,1,0,0,1,3
240,2,6,0,1,0,1,0,4250000.0,4,1,3.0,3,0,1,0,0,2,3
65,1,10,1,1,1,0,0,3725000.0,1,1,2.0,3,0,1,0,0,1,3
280,3,0,0,1,1,1,0,7500000.0,5,1,3.0,3,0,1,0,0,2,2
105,1,26,0,1,0,1,0,3790000.0,2,1,6.0,3,0,1,0,0,2,3
135,1,6,0,0,0,0,0,4125000.0,3,1,3.0,3,0,1,0,0,1,3
325,3,20,1,0,0,1,0,5350000.0,4,1,3.0,2,0,0,0,1,2,3
150,1,27,0,0,0,1,0,3700000.0,3,1,4.0,3,0,1,0,0,1,3
145,2,0,0,1,1,0,0,4150000.0,3,1,7.0,3,0,1,0,0,1,2
84,1,4,0,0,1,0,0,3100000.0,2,1,2.0,3,0,1,0,0,2,3
115,1,6,0,1,0,0,0,3100000.0,2,1,3.0,3,0,1,0,0,1,3
280,2,0,0,1,1,1,0,10250000.0,5,2,4.0,3,0,1,0,0,2,3
235,3,16,0,0,1,1,0,13500000.0,5,1,1.0,3,0,1,0,0,2,3
90,1,30,0,0,0,1,0,1275000.0,2,0,3.0,1,0,1,0,0,2,3
160,1,26,0,1,0,0,0,4000000.0,3,1,2.0,3,0,0,1,0,2,3
88,1,7,0,0,1,0,0,3200000.0,2,1,0.0,1,0,0,0,1,1,3
135,2,0,0,1,1,0,0,5750000.0,3,1,1.0,3,0,1,0,0,1,2
95,1,8,1,1,0,0,0,3350000.0,2,1,5.0,3,0,1,0,0,2,3
140,1,25,1,0,0,0,0,3550000.0,3,1,0.5,3,0,1,0,0,2,3
135,1,6,0,0,0,0,0,4550000.0,3,1,3.0,3,0,1,0,0,1,3
125,1,3,0,1,1,0,0,4700000.0,3,1,4.0,3,0,1,0,0,2,3
100,1,27,0,1,0,1,0,5200000.0,2,1,6.0,3,0,1,0,0,1,3
220,2,5,1,1,1,0,0,4950000.0,2,2,4.0,3,0,0,0,1,1,2
60,1,3,1,1,1,1,0,3300000.0,1,1,0.5,3,0,1,0,0,2,3
250,1,31,0,0,0,0,0,2950000.0,3,1,0.0,1,0,1,0,0,2,1
150,1,13,1,1,1,0,0,5950000.0,3,1,5.0,3,0,1,0,0,2,3
130,1,0,0,0,0,1,0,4200000.0,3,1,2.0,3,0,1,0,0,2,2
165,2,2,1,0,1,1,0,7650000.0,3,1,5.0,3,0,1,0,0,1,3
220,2,0,0,0,1,1,0,15000000.0,3,1,1.0,3,0,1,0,0,2,3
130,1,0,0,0,0,1,0,4999999.0,3,1,2.0,3,0,1,0,0,1,3
130,1,0,1,0,0,0,0,3870000.0,3,1,1.0,3,0,1,0,0,2,2
250,2,21,0,0,0,1,0,5500000.0,5,2,5.0,3,0,0,0,1,2,3
145,2,11,0,0,1,0,0,4000000.0,3,1,1.0,3,0,0,0,1,2,2
145,1,25,0,1,0,0,0,2700000.0,3,1,2.0,3,0,1,0,0,1,3
160,3,4,0,0,0,1,0,7950000.0,4,1,3.0,3,0,0,0,1,2,3
80,1,1,0,0,0,1,0,350000.0,2,1,3.0,0,0,1,0,0,2,1
260,2,11,0,1,0,0,0,6400000.0,5,2,4.0,3,0,0,0,1,1,3
145,1,6,0,1,1,0,0,4400000.0,3,1,4.0,3,0,0,1,0,1,3
165,2,3,1,1,0,0,0,8750000.0,3,1,1.0,3,0,1,0,0,1,3
110,1,0,0,1,1,1,0,3250000.0,2,1,2.0,3,0,1,0,0,1,3
180,2,1,0,1,1,0,0,7750000.0,3,1,2.0,3,0,1,0,0,2,3
200,2,5,0,0,1,0,0,6300000.0,4,1,4.0,1,0,0,0,1,2,3
136,2,4,1,1,0,1,0,5650000.0,3,1,1.0,3,0,0,1,0,1,3
110,2,11,1,1,1,0,0,5750000.0,2,1,3.0,3,0,0,1,0,2,3
265,1,20,0,1,1,0,0,4150000.0,3,1,0.5,3,0,0,0,1,1,3
54,1,2,0,1,0,0,1,2350000.0,1,1,-3.0,1,0,1,0,0,1,3
120,1,20,0,0,0,0,1,3200000.0,2,1,5.0,3,0,1,0,0,1,3
160,1,26,1,1,0,0,0,6350000.0,3,1,2.0,3,0,1,0,0,1,3
50,1,2,0,0,0,0,0,2500000.0,1,1,0.5,3,0,1,0,0,2,3
120,1,16,1,1,1,0,0,3400000.0,3,1,3.0,3,0,1,0,0,2,3
140,1,12,1,1,0,0,0,6970000.0,3,1,3.0,3,0,1,0,0,2,3
70,1,8,0,1,0,0,1,2500000.0,2,1,2.0,3,0,1,0,0,1,3
80,1,6,0,0,0,0,0,1625000.0,2,1,3.0,3,0,0,0,1,2,3
130,2,28,1,1,0,1,0,4950000.0,3,1,3.0,3,0,1,0,0,1,3
170,2,7,0,1,1,0,1,5400000.0,3,1,5.0,3,0,0,0,1,2,3
130,2,0,0,1,1,0,0,4000000.0,3,1,2.0,3,2,1,0,0,1,2
80,1,8,0,0,0,1,0,1650000.0,2,1,3.0,3,0,0,0,1,2,3
200,2,8,1,0,0,0,0,5250000.0,4,1,4.0,3,0,0,0,1,1,3
165,2,0,0,0,0,1,0,4100000.0,3,1,7.0,3,0,1,0,0,1,2
60,1,0,0,1,1,1,0,3250000.0,1,1,5.0,3,0,1,0,0,1,3
130,1,16,1,1,0,1,0,3550000.0,3,1,0.5,3,0,1,0,0,1,3
95,1,0,0,0,0,1,0,3450000.0,2,1,2.0,3,0,1,0,0,1,3
95,1,5,0,1,1,0,0,3495000.0,2,1,5.0,3,0,0,1,0,2,3
75,1,5,0,0,0,0,0,2850000.0,2,1,0.5,3,0,0,0,1,1,3
95,1,0,0,0,0,1,0,3250000.0,2,1,3.0,3,0,1,0,0,1,3
210,2,5,0,0,0,0,0,7650000.0,5,2,6.0,3,0,0,0,1,1,3
100,1,11,0,0,0,1,0,3900000.0,3,1,0.5,3,0,0,0,1,1,3
96,1,0,1,1,0,1,0,3800000.0,2,1,2.0,3,0,1,0,0,1,3
115,1,26,0,0,0,0,0,1675000.0,3,1,4.0,3,0,1,0,0,1,2
95,1,1,0,1,1,0,0,3900000.0,2,1,0.5,2,0,1,0,0,2,3
110,1,0,0,1,0,1,0,3600000.0,3,1,0.5,3,2,1,0,0,1,3
95,1,0,0,0,0,0,0,3650000.0,2,1,1.0,3,1,1,0,0,2,2
45,1,28,0,0,0,0,0,2900000.0,1,0,0.0,1,0,1,0,0,2,3
175,2,5,1,1,1,0,0,5100000.0,1,1,5.0,1,0,0,0,1,1,3
450,1,10,0,0,0,0,0,5300000.0,4,1,3.0,1,2,1,0,0,1,2
160,2,5,0,0,1,0,0,4200000.0,3,1,0.5,3,0,1,0,0,1,3
70,1,0,0,1,1,0,0,3795000.0,1,1,6.0,3,2,1,0,0,1,3
110,1,31,0,0,0,1,0,2090000.0,2,1,4.0,1,0,1,0,0,2,2
255,2,11,1,0,0,1,0,16500000.0,4,1,1.0,3,0,0,0,1,2,3
125,1,16,0,1,1,0,0,4750000.0,3,1,2.0,3,0,1,0,0,1,3
120,1,1,0,0,0,0,0,3100000.0,3,1,0.0,3,0,1,0,0,2,3
100,1,0,0,0,0,0,0,3100000.0,2,1,3.0,3,0,1,0,0,1,3
200,2,21,0,0,1,1,0,5500000.0,3,1,1.0,3,0,0,0,1,1,3
200,1,16,0,0,1,0,0,3750000.0,2,1,0.0,1,0,1,0,0,2,3
140,1,11,1,0,0,0,0,3900000.0,3,1,2.0,3,0,1,0,0,1,2
280,3,3,1,1,1,1,0,11000000.0,5,1,5.0,3,0,0,0,1,1,3
50,1,4,0,0,0,1,1,2270000.0,1,1,0.5,3,0,0,1,0,1,3
165,1,26,0,1,0,1,0,3725000.0,3,1,5.0,3,0,0,1,0,2,3
110,1,16,0,0,0,0,0,2450000.0,3,0,4.0,3,0,0,0,1,1,3
135,1,6,0,0,0,0,0,2250000.0,3,1,3.0,3,0,1,0,0,1,3
125,1,15,1,0,0,1,0,3300000.0,3,1,5.0,3,0,0,0,1,1,3
135,1,26,0,1,1,1,0,4000000.0,3,1,4.0,3,0,0,0,1,1,3
110,1,25,0,1,1,1,0,3650000.0,2,1,5.0,3,0,1,0,0,2,3
120,1,35,1,1,0,0,0,4950000.0,3,1,1.0,3,0,1,0,0,1,3
136,1,0,0,0,1,1,0,3350000.0,3,1,7.0,3,0,1,0,0,1,1
135,1,25,0,1,0,0,0,3800000.0,3,1,3.0,3,0,1,0,0,1,3
350,3,6,0,0,1,0,0,7550000.0,5,1,0.0,3,0,1,0,0,2,2
140,1,5,0,1,1,0,0,2375000.0,2,1,2.0,3,0,1,0,0,2,2
120,1,16,1,1,1,0,0,3000000.0,3,1,5.0,3,0,1,0,0,2,3
100,1,4,0,1,0,1,0,4450000.0,2,1,0.0,3,0,0,1,0,1,3
95,2,0,0,1,0,0,0,4000000.0,2,1,1.0,3,2,1,0,0,1,2
170,2,2,1,0,0,0,0,3950000.0,4,1,3.0,3,0,0,0,1,1,2
105,1,11,0,0,0,0,0,3000000.0,2,1,0.0,3,0,0,0,1,1,2
125,1,0,1,1,0,0,0,3799000.0,3,1,-1.0,3,0,1,0,0,2,3
50,1,6,0,1,0,0,0,2350000.0,1,1,2.0,3,0,1,0,0,1,3
145,2,2,0,0,0,0,0,5650000.0,4,1,4.0,3,0,1,0,0,1,3
205,1,0,0,1,0,0,0,5750000.0,5,1,5.0,3,0,1,0,0,1,3
165,2,4,0,0,0,0,0,4800000.0,4,1,3.0,3,0,1,0,0,1,3
115,1,16,0,1,0,0,0,4250000.0,2,1,2.0,3,0,0,0,1,2,3
85,1,0,1,1,1,0,0,3250000.0,2,1,3.0,3,0,1,0,0,1,3
130,2,0,1,1,1,0,0,6300000.0,3,1,3.0,3,2,1,0,0,2,3
130,2,8,0,1,0,1,0,4250000.0,3,1,4.0,3,0,0,0,1,1,3
145,1,30,0,0,0,1,1,3050000.0,3,1,2.0,3,0,1,0,0,2,2
180,2,16,0,0,0,0,0,7500000.0,4,2,2.0,3,0,1,0,0,1,3
115,2,1,0,1,0,1,0,4750000.0,2,1,1.0,3,0,1,0,0,1,3
120,1,26,0,1,0,0,0,2250000.0,2,1,3.0,1,0,1,0,0,2,3
320,2,15,0,0,0,1,0,5500000.0,5,2,3.0,1,0,0,0,1,0,3
90,1,0,0,1,1,0,0,4150000.0,2,1,3.0,3,2,1,0,0,1,3
340,1,15,0,0,0,1,1,5750000.0,3,0,3.0,1,0,0,0,1,2,3
145,2,1,0,0,0,1,0,5250000.0,4,1,4.0,3,0,0,0,1,2,3
260,2,11,0,0,1,0,0,5450000.0,5,1,5.0,3,0,1,0,0,1,3
120,1,21,1,0,0,0,0,2950000.0,2,1,1.0,3,0,0,0,1,2,3
90,2,0,0,0,0,0,0,4600000.0,2,1,0.5,3,0,1,0,0,1,3
210,1,20,1,0,0,0,0,19800000.0,6,2,3.0,2,0,0,0,1,2,2
95,1,0,0,0,0,1,0,2949000.0,2,1,3.0,3,0,1,0,0,1,3
140,1,16,1,1,1,0,0,8200000.0,3,1,2.0,3,0,1,0,0,2,3
100,1,31,0,0,0,0,0,2750000.0,2,1,1.0,3,0,0,0,1,1,2
175,2,1,1,1,1,1,0,4650000.0,4,1,1.0,3,0,0,1,0,1,3
140,1,6,1,1,1,0,0,5650000.0,3,1,3.0,3,0,1,0,0,1,3
120,1,26,1,0,1,0,0,4400000.0,3,1,2.0,3,0,0,1,0,1,3
125,1,40,1,1,0,0,0,3500000.0,3,1,3.0,1,0,0,1,0,1,3
185,1,34,0,0,0,1,0,1150000.0,1,1,3.0,1,0,1,0,0,2,3
140,1,25,0,0,1,0,1,3200000.0,3,1,-2.0,3,0,1,0,0,2,3
130,1,26,0,1,0,0,0,1975000.0,2,1,2.0,3,0,1,0,0,1,2
145,1,10,0,0,1,0,0,3300000.0,3,1,5.0,3,0,1,0,0,2,3
165,1,6,1,1,1,1,0,3350000.0,4,1,4.0,3,0,0,0,1,1,3
125,1,34,0,1,0,0,0,2550000.0,3,1,6.0,3,0,0,1,0,1,3
125,1,31,0,0,0,0,0,4250000.0,3,1,2.0,3,0,0,0,1,2,3
90,1,21,0,0,0,0,0,2950000.0,2,1,0.0,0,0,1,0,0,2,3
135,2,7,0,0,0,0,0,3000000.0,3,1,5.0,3,0,1,0,0,2,3
250,2,16,1,1,1,1,0,8500000.0,4,1,5.0,3,0,0,0,1,1,3
100,1,30,0,0,0,1,0,2450000.0,2,1,5.0,1,0,0,1,0,2,3
135,1,6,0,0,0,0,0,4000000.0,3,1,3.0,3,0,1,0,0,1,3
85,1,8,1,0,0,0,0,2400000.0,2,0,0.5,3,0,1,0,0,1,3
180,3,1,0,0,1,0,0,3250000.0,4,1,3.0,3,0,1,0,0,1,2
95,1,30,0,1,1,1,0,3050000.0,2,1,3.0,3,0,1,0,0,2,3
130,1,21,0,0,0,0,0,2250000.0,3,1,3.0,3,0,0,0,1,1,2
65,1,11,1,1,1,0,0,2900000.0,1,1,5.0,3,0,0,1,0,2,3
80,1,5,0,1,1,0,1,2750000.0,2,1,4.0,3,0,0,1,0,1,3
145,1,4,0,1,0,0,0,3850000.0,3,1,3.0,3,0,0,0,1,2,3
200,2,11,0,0,0,0,0,9300000.0,5,1,10.0,3,0,0,0,1,2,3
170,2,6,0,0,0,0,0,5250000.0,3,1,4.0,3,0,1,0,0,1,3
95,1,0,0,0,1,0,0,8000000.0,2,1,6.0,3,0,1,0,0,1,3
110,1,10,1,1,0,0,0,3450000.0,3,1,2.0,3,0,0,0,1,1,3
170,2,0,1,1,0,1,0,5250000.0,3,1,4.0,3,0,1,0,0,1,2
240,2,4,1,1,1,0,0,5600000.0,4,2,5.0,3,0,1,0,0,1,3
85,1,0,1,1,1,0,0,3250000.0,2,1,3.0,3,2,1,0,0,1,3
80,1,0,0,1,1,1,0,3500000.0,2,1,2.0,3,0,1,0,0,1,3
150,2,1,1,0,1,0,0,6500000.0,3,1,2.0,3,0,1,0,0,1,3
105,1,5,1,0,1,0,0,3550000.0,2,1,2.0,3,0,1,0,0,1,3
140,1,0,1,0,0,1,0,4300000.0,3,1,2.0,3,0,1,0,0,1,3
150,2,1,0,1,1,0,0,4500000.0,4,1,3.0,3,0,1,0,0,1,2
150,1,11,0,0,0,0,0,3550000.0,3,1,1.0,3,0,0,1,0,1,2
135,2,1,0,1,0,1,0,4500000.0,3,0,2.0,3,2,1,0,0,1,2
145,1,16,1,0,0,0,0,8150000.0,3,1,6.0,3,0,0,0,1,2,3
240,2,21,1,1,0,0,0,8150000.0,4,1,4.0,3,0,0,0,1,1,3
130,1,0,0,0,0,0,0,6000000.0,3,1,2.0,3,0,1,0,0,1,3
115,2,1,0,1,0,0,0,2920000.0,2,1,4.0,3,0,0,0,1,2,2
300,3,5,0,1,1,0,0,10020000.0,4,2,15.0,3,0,1,0,0,2,3
75,1,11,0,0,0,0,1,2350000.0,2,1,0.0,3,0,0,1,0,1,3
95,1,0,0,1,1,1,0,2650000.0,2,1,2.0,2,2,1,0,0,1,1
553,2,2,0,1,0,0,0,8600000.0,3,2,0.0,2,0,1,0,0,0,3
95,1,5,1,1,0,0,0,3650000.0,2,1,3.0,3,0,1,0,0,2,3
145,1,20,0,0,1,0,0,3000000.0,3,1,3.0,3,0,0,1,0,2,2
115,1,4,0,1,0,0,0,3480000.0,3,1,3.0,3,0,0,1,0,2,3
120,1,16,1,1,1,1,0,3700000.0,3,1,2.0,3,0,0,0,1,1,3
125,1,36,1,1,0,1,0,3750000.0,3,1,4.0,3,0,1,0,0,1,3
89,1,50,1,1,0,0,0,3250000.0,2,1,4.0,3,0,0,1,0,2,3
140,2,6,1,1,1,0,0,4450000.0,3,1,3.0,3,0,0,0,1,2,3
130,1,2,0,0,1,0,0,3450000.0,3,1,3.0,3,0,1,0,0,1,2
140,2,0,0,1,1,0,0,5400000.0,3,1,1.0,3,0,1,0,0,2,3
85,1,4,0,1,0,0,0,2950000.0,2,1,3.0,3,0,1,0,0,1,3
120,1,16,0,1,0,0,0,4950000.0,3,1,2.0,3,0,1,0,0,2,3
150,2,4,0,1,1,1,0,4160000.0,3,1,3.0,3,0,1,0,0,2,2
95,1,0,0,0,0,0,0,8000000.0,2,1,6.0,3,0,1,0,0,1,3
135,1,10,1,1,0,0,0,4350000.0,3,1,3.0,3,0,1,0,0,2,3
70,1,5,1,0,0,0,1,2600000.0,1,1,2.0,3,0,1,0,0,1,3
300,3,2,1,0,0,1,0,8500000.0,5,1,3.0,3,0,0,0,1,1,2
130,2,5,1,0,1,0,0,4950000.0,3,1,4.0,3,0,1,0,0,1,3
85,1,6,1,0,1,0,1,4150000.0,1,1,2.0,3,0,0,1,0,2,3
130,2,0,0,1,1,0,0,3950000.0,3,1,3.0,3,2,1,0,0,1,2
320,2,20,0,1,0,0,0,8500000.0,5,1,5.0,3,0,1,0,0,1,3
60,1,1,1,1,0,1,0,4600000.0,1,1,3.0,3,0,1,0,0,1,3
80,1,5,1,1,1,0,0,4000000.0,2,1,3.0,3,0,0,0,1,1,3
75,1,0,1,0,1,0,0,2300000.0,2,1,3.0,3,0,1,0,0,2,3
90,1,0,0,1,1,0,0,2850000.0,2,1,1.0,3,0,1,0,0,1,3
160,2,3,0,0,0,1,1,6700000.0,4,1,0.0,1,0,0,0,1,2,3
126,2,6,1,1,1,1,0,3500000.0,3,1,2.0,3,0,0,0,1,2,2
185,2,4,1,1,0,0,0,4600000.0,4,1,3.0,3,0,1,0,0,2,3
100,1,0,0,1,0,0,1,7500000.0,1,1,0.0,1,0,1,0,0,0,3
145,2,20,1,1,0,0,0,7900000.0,3,1,2.0,3,0,0,0,1,2,3
170,2,0,1,1,1,1,0,6250000.0,3,1,3.0,2,0,0,0,1,1,3
71,1,1,1,0,1,0,0,7760000.0,2,1,4.0,2,0,1,0,0,2,3
200,2,9,1,0,1,0,0,14750000.0,4,1,7.0,3,0,1,0,0,1,3
290,3,11,0,1,1,1,0,8400000.0,5,1,4.0,3,0,0,0,1,2,3
120,1,0,0,1,0,1,0,5150000.0,3,1,2.0,3,2,1,0,0,2,3
120,1,20,0,0,1,0,0,1350000.0,2,1,3.0,1,0,1,0,0,2,1
143,1,25,0,1,0,0,0,4000000.0,2,1,3.0,1,0,0,0,1,1,3
267,3,0,1,1,1,0,0,5500000.0,4,2,3.0,3,2,1,0,0,1,2
125,1,1,0,1,0,1,0,3750000.0,3,1,5.0,3,0,0,1,0,1,3
80,1,21,0,0,0,0,0,2300000.0,1,1,0.5,0,0,1,0,0,2,3
150,1,21,0,0,1,1,0,3895000.0,3,1,0.5,3,0,1,0,0,1,3
95,1,5,1,1,1,0,0,3250000.0,2,1,-1.0,1,0,1,0,0,2,3
135,2,0,0,1,1,0,0,4000000.0,3,1,1.0,3,0,1,0,0,1,2
140,1,11,1,1,1,0,0,4200000.0,3,1,3.0,3,0,0,0,1,2,3
157,2,4,1,1,0,0,0,4750000.0,3,1,3.0,3,0,0,0,1,2,3
75,1,5,0,0,0,0,0,2790000.0,2,1,0.5,3,0,1,0,0,1,3
135,1,6,0,1,1,1,0,6495000.0,2,0,0.0,1,0,1,0,0,2,3
60,1,0,1,1,1,1,0,3350000.0,1,1,5.0,3,0,1,0,0,1,3
130,1,20,1,1,1,1,0,4250000.0,3,1,1.0,3,0,1,0,0,1,3
150,1,18,1,0,0,0,0,2500000.0,3,1,4.0,3,1,1,0,0,2,3
103,1,0,1,1,1,0,0,5250000.0,2,1,1.0,3,2,1,0,0,1,3
300,2,1,0,1,1,1,0,9100000.0,5,1,4.0,3,0,1,0,0,1,3
140,1,40,0,1,0,1,0,1200000.0,2,0,4.0,1,0,1,0,0,2,2
140,2,16,1,1,1,0,0,3750000.0,3,1,2.0,3,0,0,0,1,1,2
200,1,6,1,1,1,0,0,4200000.0,3,1,0.5,3,0,0,1,0,1,3
100,1,0,0,1,1,1,0,3250000.0,2,0,3.0,3,2,1,0,0,1,2
105,1,0,1,0,0,0,0,3100000.0,2,1,2.0,3,0,1,0,0,1,3
115,2,6,0,1,0,1,0,7000000.0,3,1,2.0,3,0,0,1,0,1,3
145,2,4,1,1,1,0,0,5750000.0,3,1,1.0,3,0,0,0,1,2,3
140,2,1,1,1,1,0,0,3500000.0,3,1,1.0,3,0,0,0,1,2,2
60,1,0,0,0,1,1,0,3575000.0,1,1,0.0,2,0,1,0,0,1,3
134,2,1,1,0,1,0,0,11950000.0,3,1,13.0,2,0,1,0,0,2,3
110,1,0,1,1,1,0,0,6850000.0,2,1,0.5,3,2,1,0,0,1,3
105,1,21,1,1,1,1,0,3950000.0,2,1,4.0,3,0,1,0,0,2,3
150,2,5,0,0,1,1,0,9095000.0,3,1,0.5,3,0,0,1,0,1,3
100,1,20,0,0,0,1,0,2045000.0,2,1,3.0,1,0,0,0,1,0,3
110,1,28,1,1,0,0,0,3200000.0,3,1,5.0,3,0,1,0,0,2,3
65,1,5,0,0,1,0,1,4575000.0,1,1,1.0,3,0,0,1,0,1,3
95,1,5,0,1,1,0,0,3870000.0,2,1,3.0,3,0,0,0,1,2,3
105,1,1,0,1,0,1,0,3650000.0,2,1,3.0,3,0,0,1,0,1,3
125,1,28,1,1,0,1,0,2475000.0,3,1,3.0,3,0,1,0,0,1,2
76,1,0,1,0,1,0,0,2700000.0,2,1,0.5,3,0,1,0,0,2,3
132,1,0,1,1,0,0,0,3200000.0,3,1,5.0,3,2,1,0,0,1,3
85,1,0,0,0,0,0,0,2900000.0,2,1,3.0,3,2,1,0,0,2,3
155,1,16,0,1,1,1,0,5000000.0,3,1,0.0,3,0,0,0,1,1,3
180,1,6,1,1,1,0,0,5150000.0,3,1,1.0,3,0,0,0,1,2,3
145,1,20,0,0,0,0,0,3900000.0,3,1,4.0,3,0,1,0,0,2,3
130,1,11,0,0,0,0,0,3150000.0,3,1,4.0,3,0,0,0,1,1,2
85,1,0,0,0,1,0,0,2780000.0,2,1,0.5,3,0,1,0,0,1,3
130,1,0,0,1,1,0,0,4150000.0,3,1,3.0,3,0,1,0,0,2,3
95,1,5,0,0,0,0,0,2925000.0,2,1,0.5,3,0,1,0,0,1,3
102,1,0,0,1,1,0,0,3800000.0,2,1,1.0,3,2,1,0,0,2,3
140,1,21,1,0,0,1,0,4500000.0,3,1,3.0,3,0,1,0,0,2,3
567,1,1,0,0,0,0,0,6000000.0,2,1,3.0,1,0,0,0,1,2,3
105,2,17,1,0,0,1,0,4750000.0,2,1,3.0,2,0,0,0,1,0,1
60,1,1,1,0,1,1,0,3400000.0,1,1,1.0,3,0,1,0,0,1,3
95,2,0,0,0,0,1,0,5500000.0,2,1,2.0,3,0,1,0,0,1,3
150,2,6,1,1,1,0,0,4600000.0,3,1,1.0,3,0,1,0,0,1,2
140,1,31,1,1,0,0,0,3575000.0,3,1,1.0,3,0,1,0,0,2,3
134,1,25,0,0,1,1,0,3499000.0,3,1,3.0,3,0,1,0,0,1,3
130,2,0,1,1,1,0,0,3950000.0,3,1,3.0,3,2,1,0,0,1,2
200,2,3,0,0,0,1,0,15750000.0,4,1,0.0,3,0,0,0,1,2,2
145,2,1,0,0,1,0,0,5175000.0,3,1,3.0,3,0,1,0,0,2,3
135,2,0,1,1,1,0,0,6500000.0,3,1,2.0,3,0,1,0,0,2,3
300,3,0,1,1,1,1,0,7000000.0,5,1,3.0,3,0,1,0,0,2,2
155,2,1,1,1,1,0,0,6050000.0,3,1,5.0,3,0,1,0,0,1,3
120,1,5,1,1,0,0,0,3050000.0,3,1,4.0,3,0,1,0,0,2,3
125,1,5,0,0,0,0,0,3600000.0,3,1,4.0,3,0,1,0,0,1,2
400,1,11,0,1,0,0,1,3725000.0,2,1,0.0,1,0,1,0,0,0,3
150,2,0,0,0,1,1,0,9095000.0,3,1,0.5,3,0,0,1,0,2,3
70,1,0,0,1,1,1,0,2950000.0,1,1,0.5,3,2,1,0,0,1,3
100,1,0,0,1,1,0,0,4000000.0,2,1,1.0,3,2,1,0,0,1,3
202,1,0,1,1,1,0,0,9750000.0,3,1,3.0,3,0,1,0,0,2,3
90,1,6,0,1,0,1,0,3100000.0,2,1,2.0,3,0,1,0,0,1,3
120,2,11,1,1,1,0,0,3090000.0,3,1,3.0,3,0,0,0,1,2,3
125,1,0,1,1,1,0,0,3900000.0,3,1,-2.0,3,0,1,0,0,2,3
230,2,5,0,0,1,0,0,6250000.0,6,2,4.0,3,0,0,0,1,1,3
230,2,26,0,0,0,0,0,11500000.0,5,1,0.0,3,0,1,0,0,1,3
95,1,4,0,0,1,1,0,2910000.0,2,1,0.5,3,0,0,1,0,1,3
120,1,25,0,1,0,1,0,2800000.0,3,1,4.0,3,0,1,0,0,2,3
100,1,4,1,0,0,0,0,2650000.0,2,1,0.5,3,0,1,0,0,2,3
130,1,3,0,1,1,0,0,4200000.0,3,1,1.0,3,0,1,0,0,1,2
155,1,6,0,1,0,1,0,3800000.0,3,1,3.0,3,0,1,0,0,2,3
250,2,6,1,0,0,1,0,4100000.0,5,1,4.0,3,0,0,1,0,2,3
125,1,25,0,1,0,0,0,2750000.0,2,1,3.0,1,0,1,0,0,1,3
153,1,8,1,0,0,0,0,3900000.0,3,1,2.0,3,0,0,1,0,1,3
90,1,0,0,1,1,1,0,3200000.0,2,1,2.0,3,0,1,0,0,1,3
115,1,11,0,1,0,0,0,3900000.0,3,1,3.0,3,0,1,0,0,1,3
240,3,2,0,0,0,1,0,10000000.0,4,1,0.0,3,0,0,0,1,1,2
110,1,1,1,1,1,1,0,3675000.0,2,1,1.0,3,0,1,0,0,2,3
185,2,2,1,1,1,0,0,5500000.0,4,1,4.0,3,0,1,0,0,2,3
110,1,21,1,0,0,0,0,1850000.0,2,1,4.0,0,0,0,1,0,1,3
150,2,40,0,0,1,0,0,4400000.0,4,2,3.0,3,0,0,1,0,2,3
90,2,1,0,0,1,1,0,3500000.0,2,1,1.0,3,2,1,0,0,1,2
96,1,30,1,1,0,0,0,2100000.0,2,1,5.0,3,0,1,0,0,1,3
50,1,0,0,0,0,1,0,2670000.0,1,1,3.0,3,0,1,0,0,1,3
100,1,0,0,1,1,0,0,3200000.0,2,1,2.0,3,2,1,0,0,1,2
85,1,7,0,1,1,0,0,2750000.0,2,1,4.0,3,0,0,0,1,1,3
185,1,11,1,1,0,0,0,8250000.0,3,1,1.0,3,0,0,0,1,1,3
175,2,0,1,1,1,0,0,7000000.0,3,1,4.0,3,0,1,0,0,2,3
145,1,5,0,0,1,0,0,5250000.0,3,1,3.0,3,0,0,0,1,1,3
70,1,1,0,1,0,0,0,3300000.0,2,1,2.0,3,0,1,0,0,1,3
90,1,6,0,0,1,1,0,3500000.0,2,1,2.0,3,0,0,1,0,1,3
150,1,16,1,1,1,1,0,2600000.0,3,1,4.0,3,0,1,0,0,1,3
135,2,0,1,1,1,1,0,4250000.0,3,1,1.0,3,0,1,0,0,2,2
105,1,5,1,0,0,0,0,2950000.0,2,1,0.5,3,0,1,0,0,1,3
135,1,6,0,0,0,0,0,3300000.0,3,1,3.0,3,0,1,0,0,1,3
110,1,4,0,0,0,1,0,2850000.0,2,1,3.0,3,0,1,0,0,1,3
215,1,26,1,1,0,0,0,6200000.0,2,1,1.0,3,0,0,0,1,1,3
70,1,0,1,1,0,1,0,3600000.0,2,1,3.0,3,0,1,0,0,2,3
180,2,11,0,0,0,1,0,3750000.0,4,1,3.0,3,0,0,0,1,2,1
105,1,0,0,1,1,1,0,3075000.0,2,1,1.0,3,0,1,0,0,2,2
92,1,1,1,0,1,0,0,4000000.0,2,1,5.0,1,0,1,0,0,2,3
110,1,0,0,1,1,0,0,3500000.0,2,1,3.0,3,2,1,0,0,2,3
155,1,26,1,0,0,0,0,2675000.0,3,1,4.0,1,0,1,0,0,2,3
225,3,1,0,0,0,0,0,15000000.0,5,1,0.0,3,0,1,0,0,1,2
125,1,31,0,1,1,0,0,3350000.0,3,1,4.0,3,0,0,0,1,2,3
85,1,0,1,0,0,0,0,3400000.0,2,1,2.0,3,0,1,0,0,1,3
170,2,5,1,1,1,1,0,6500000.0,3,1,3.0,2,0,0,0,1,1,3
180,1,21,0,1,1,0,0,3750000.0,4,1,3.0,3,0,1,0,0,1,2
165,1,25,0,1,0,1,0,5195000.0,3,1,3.0,3,0,1,0,0,1,3
110,1,30,1,0,0,1,0,3975000.0,3,1,3.0,3,0,1,0,0,1,3
90,1,0,1,1,1,0,0,2950000.0,2,1,1.0,3,2,1,0,0,1,2
125,1,21,1,0,0,0,0,4100000.0,3,1,5.0,3,0,0,1,0,2,3
90,1,3,0,1,0,0,0,4900000.0,2,1,3.0,3,0,1,0,0,1,3
140,2,0,0,1,1,1,0,6250000.0,3,1,3.0,3,0,1,0,0,2,3
115,1,23,0,1,1,0,0,4150000.0,3,1,3.0,3,0,1,0,0,1,3
165,2,0,1,1,1,0,0,7000000.0,3,1,4.0,3,0,1,0,0,2,3
115,1,0,1,1,1,1,0,4600000.0,3,1,1.0,3,0,1,0,0,1,3
60,1,1,0,0,0,0,1,2499999.0,1,1,5.0,3,0,0,1,0,1,3
140,1,1,1,1,1,0,0,5650000.0,3,1,2.0,3,0,1,0,0,1,3
135,1,0,0,1,0,0,0,4750000.0,3,1,3.0,3,2,1,0,0,1,3
120,1,6,0,1,0,0,0,3750000.0,2,1,5.0,3,0,0,0,1,1,3
140,2,0,1,1,1,0,0,4200000.0,3,1,1.0,3,0,1,0,0,2,2
135,1,20,0,0,0,0,0,3375000.0,3,1,0.0,3,0,1,0,0,1,3
178,2,1,1,1,0,0,0,6625000.0,3,1,1.0,3,0,0,0,1,2,3
160,2,0,0,1,1,0,0,4450000.0,3,1,3.0,2,0,1,0,0,1,3
100,1,13,0,1,0,1,0,3150000.0,3,1,-0.5,3,0,0,0,1,1,3
105,1,0,0,1,0,1,0,3650000.0,2,1,3.0,3,0,1,0,0,1,3
180,1,18,0,0,0,0,0,3250000.0,2,1,3.0,1,0,0,0,1,2,3
210,3,0,0,1,0,0,0,16000000.0,4,1,3.0,3,0,1,0,0,1,3
100,1,0,1,1,1,0,0,3450000.0,2,1,1.0,3,2,1,0,0,1,2
130,1,5,0,0,0,0,0,3000000.0,3,1,3.0,1,2,0,0,1,2,2
110,1,0,0,1,1,0,0,4200000.0,2,1,4.0,3,2,1,0,0,1,3
145,1,0,0,0,0,1,0,5500000.0,3,1,4.0,3,0,1,0,0,2,3
135,1,26,1,1,1,0,0,4000000.0,3,1,3.0,3,0,1,0,0,1,3
115,1,0,0,1,1,1,0,4500000.0,2,1,2.0,3,0,1,0,0,1,3
220,2,8,0,1,0,1,0,4900000.0,5,1,5.0,3,0,1,0,0,1,3
90,1,31,1,1,1,1,0,3750000.0,2,1,4.0,1,0,0,1,0,2,3
110,1,0,0,1,1,0,0,3300000.0,2,1,4.0,3,0,1,0,0,2,3
120,1,6,1,1,1,1,0,4980000.0,2,1,4.0,3,0,0,0,1,1,3
110,1,4,0,1,1,0,0,3250000.0,2,1,1.0,3,0,1,0,0,1,2
95,1,30,1,1,0,0,0,3050000.0,2,1,3.0,3,0,0,1,0,2,3
100,1,0,0,0,0,1,0,4800000.0,2,1,0.5,3,0,1,0,0,1,3
108,1,1,1,1,1,1,0,3850000.0,2,1,4.0,3,0,0,1,0,2,3
152,2,1,0,0,1,0,0,4800000.0,3,1,1.0,3,0,1,0,0,1,2
140,2,0,1,1,1,0,0,4000000.0,2,1,12.0,2,0,1,0,0,1,3
175,2,3,0,1,1,1,0,3950000.0,3,1,5.0,3,0,1,0,0,1,2
300,2,10,1,1,1,0,0,3950000.0,4,1,5.0,3,0,0,0,1,1,3
321,1,31,0,1,1,0,0,6000000.0,2,1,0.0,1,0,1,0,0,2,2
198,2,15,1,1,1,1,0,4950000.0,4,1,4.0,3,0,0,0,1,2,3
250,1,30,0,0,0,0,0,2600000.0,2,1,3.0,1,0,1,0,0,2,1
150,1,21,0,0,0,1,0,3000000.0,3,1,5.0,0,0,1,0,0,1,3
200,2,16,0,1,0,1,0,6950000.0,3,1,5.0,3,0,0,0,1,1,3
130,1,1,1,1,0,0,0,3375000.0,3,1,5.0,3,2,1,0,0,2,3
180,1,21,0,0,0,0,1,22500000.0,3,1,0.0,1,0,0,0,1,0,3
140,1,27,1,1,1,0,0,3850000.0,3,1,4.0,3,0,0,0,1,1,3
58,1,0,0,0,0,0,0,2100000.0,1,1,3.0,3,0,1,0,0,2,2
145,1,25,1,0,0,0,0,5750000.0,3,1,3.0,1,2,1,0,0,2,3
140,1,4,0,1,1,1,0,3350000.0,3,1,2.0,3,0,0,1,0,1,2
250,2,11,1,0,0,1,0,6500000.0,4,1,5.0,3,0,0,0,1,2,3
104,1,0,0,1,1,0,0,3750000.0,2,1,3.0,3,2,1,0,0,2,3
250,2,10,0,0,0,0,0,7700000.0,6,1,3.0,1,0,0,0,1,2,3
90,1,9,0,0,0,0,0,1775000.0,2,1,5.0,2,0,0,1,0,1,1
135,1,6,0,0,0,0,0,4200000.0,3,1,3.0,3,0,1,0,0,1,3
170,1,16,1,1,1,1,0,5800000.0,3,2,1.0,3,0,0,1,0,1,3
135,1,0,0,0,0,0,0,11450000.0,3,1,3.0,3,0,1,0,0,2,3
95,1,0,0,1,0,0,0,4200000.0,2,1,2.0,3,1,1,0,0,1,3
142,1,3,0,1,1,1,0,6300000.0,3,1,4.0,3,0,1,0,0,2,3
300,2,16,0,0,0,0,0,9500000.0,6,1,6.0,3,0,0,0,1,2,3
585,1,6,0,1,0,0,1,10700000.0,2,1,0.0,1,0,0,0,1,2,3
55,1,0,0,0,1,0,0,2600000.0,1,1,0.0,3,0,1,0,0,1,3
120,1,0,0,1,1,0,0,4500000.0,3,1,2.0,3,0,1,0,0,2,3
95,1,1,0,0,1,0,0,3180000.0,2,1,3.0,3,0,1,0,0,1,3
250,2,1,0,1,1,0,0,11850000.0,4,1,5.0,3,0,0,0,1,1,3
185,2,14,0,0,0,0,0,4500000.0,3,1,3.0,1,0,0,0,1,1,3
220,1,35,0,0,0,0,0,2750000.0,3,1,3.0,1,0,1,0,0,2,3
135,1,6,0,0,0,0,0,3150000.0,3,1,3.0,3,0,1,0,0,1,3
140,2,0,1,1,1,0,0,4200000.0,3,1,1.0,3,2,1,0,0,1,2
150,1,30,0,0,0,1,1,2700000.0,4,2,3.0,1,0,1,0,0,2,1
362,1,12,0,1,1,1,0,2500000.0,3,1,1.0,1,2,0,0,1,1,2
120,1,0,0,1,0,0,0,3800000.0,3,1,3.0,0,2,1,0,0,2,3
120,1,30,0,1,1,1,0,3100000.0,3,1,5.0,3,0,1,0,0,1,3
230,1,21,0,0,0,0,0,4000000.0,5,1,4.0,3,0,1,0,0,1,2
160,2,0,1,0,1,0,0,6250000.0,3,1,3.0,3,0,1,0,0,1,3
130,1,10,1,1,1,0,0,2950000.0,3,1,5.0,3,0,1,0,0,2,2
150,1,26,1,0,0,1,0,3100000.0,3,1,4.0,3,0,0,0,1,1,3
130,1,26,0,1,0,1,0,4950000.0,3,1,2.0,3,0,1,0,0,1,3
240,2,3,0,0,1,1,0,5250000.0,5,1,3.0,3,0,1,0,0,1,1
110,1,0,0,0,0,0,0,4400000.0,2,1,3.0,3,0,1,0,0,2,2
90,1,5,0,0,0,1,0,2980000.0,2,1,3.0,1,0,1,0,0,2,3
120,2,2,0,0,0,0,0,4000000.0,2,1,5.0,2,0,0,0,1,1,3
380,2,0,0,0,0,0,0,6200000.0,5,1,4.0,3,0,1,0,0,2,2
114,2,0,1,1,0,0,0,4750000.0,2,1,2.0,3,2,1,0,0,1,3
75,1,5,1,0,1,0,0,3150000.0,2,1,-2.0,3,0,1,0,0,1,3
90,1,9,0,1,0,0,0,2870000.0,2,1,-2.0,3,0,1,0,0,1,3
185,1,20,0,1,1,0,0,4650000.0,3,1,3.0,3,0,1,0,0,2,3
110,1,0,1,1,1,0,0,3350000.0,2,1,1.0,3,0,1,0,0,2,3
145,2,11,1,1,1,1,0,6390000.0,3,1,11.0,2,0,1,0,0,1,3
160,1,11,1,1,1,1,0,6750000.0,3,1,0.5,3,0,0,0,1,1,3
130,2,0,0,1,1,1,0,5350000.0,3,1,1.0,3,0,1,0,0,1,3
135,1,6,0,0,0,0,0,4400000.0,3,1,3.0,3,0,1,0,0,1,3
140,1,16,0,0,0,0,0,3200000.0,3,1,4.0,3,0,1,0,0,1,3
115,1,21,0,1,1,1,0,3190000.0,3,1,0.0,3,0,1,0,0,1,3
92,1,1,0,1,0,0,0,2550000.0,2,0,4.0,3,0,0,1,0,2,2
90,1,20,1,0,0,1,0,2750000.0,2,1,3.0,1,0,0,1,0,1,3
90,1,11,0,1,1,0,0,3080000.0,2,1,3.0,3,0,1,0,0,1,3
80,1,25,0,0,0,0,0,3000000.0,1,1,3.0,1,0,1,0,0,2,3
130,1,15,0,1,0,1,0,3285000.0,3,1,4.0,3,0,0,1,0,1,3
152,1,31,0,0,0,1,0,350000.0,3,1,0.0,1,0,1,0,0,2,3
145,1,1,0,1,1,0,0,3300000.0,3,1,1.0,3,0,1,0,0,2,3
130,1,11,0,0,0,0,0,3000000.0,3,1,0.0,3,0,1,0,0,1,3
105,2,1,1,1,1,0,0,4200000.0,2,1,1.0,3,0,1,0,0,0,3
429,1,16,0,0,0,1,0,2500000.0,2,1,0.0,0,0,1,0,0,2,3
130,1,11,1,0,1,0,0,3150000.0,3,1,3.0,3,0,0,0,1,2,1
150,1,31,0,0,0,1,0,14500000.0,3,1,3.0,0,0,0,0,1,1,3
103,1,33,0,0,0,0,0,1275000.0,1,1,3.0,1,0,1,0,0,2,2
110,1,25,0,1,0,0,0,3000000.0,3,1,0.0,3,0,0,1,0,1,3
135,1,6,0,0,0,0,0,4200000.0,3,1,3.0,3,0,1,0,0,1,3
120,1,11,0,0,0,1,0,985000.0,1,1,0.0,1,0,1,0,0,2,3
155,1,25,0,1,1,0,0,4600000.0,3,1,0.0,3,0,1,0,0,2,3
90,1,31,0,1,0,0,0,1350000.0,2,1,4.0,3,0,1,0,0,1,2
140,1,5,0,0,0,0,0,3650000.0,3,1,2.0,3,0,0,0,1,1,3
260,2,5,1,0,0,1,0,4200000.0,6,2,5.0,3,0,1,0,0,2,3
130,1,16,0,1,1,0,0,2900000.0,2,1,0.0,1,0,0,0,1,2,3
96,1,26,1,0,1,0,0,3250000.0,2,1,2.0,1,0,1,0,0,1,3
140,1,11,1,1,0,1,0,4650000.0,3,1,3.0,3,0,1,0,0,2,3
90,1,1,0,0,1,1,0,3600000.0,2,1,3.0,3,0,1,0,0,1,3
85,1,0,0,0,1,1,0,3250000.0,2,1,3.0,3,2,1,0,0,1,3
300,2,0,1,1,1,1,0,11500000.0,6,1,3.0,3,0,1,0,0,2,3
150,3,31,0,0,0,0,0,3450000.0,7,2,0.0,0,0,1,0,0,0,3
128,2,1,0,1,0,0,0,13400000.0,3,1,2.0,3,0,1,0,0,2,3
105,1,1,0,1,1,0,1,3420000.0,2,1,2.0,3,0,0,0,1,2,3
95,1,35,0,0,0,0,0,1600000.0,1,1,1.0,3,0,1,0,0,1,2
55,1,0,0,0,1,1,1,2650000.0,1,1,0.5,3,0,0,1,0,1,3
250,3,0,0,0,1,1,0,29980000.0,5,1,3.0,3,2,1,0,0,1,3
100,1,0,1,0,1,1,0,5500000.0,2,1,2.0,3,0,1,0,0,2,3
85,1,6,0,0,0,0,0,1650000.0,2,1,0.0,3,0,0,0,1,2,3
95,1,21,0,0,0,0,0,2050000.0,2,1,1.0,3,0,0,0,1,2,3
200,2,3,0,0,1,1,0,12495000.0,3,1,5.0,3,0,0,1,0,2,3
60,1,1,0,1,0,0,0,2650000.0,1,1,1.0,3,0,1,0,0,1,3
85,1,0,0,1,1,0,0,2900000.0,2,1,2.0,3,2,1,0,0,1,2
350,2,21,0,0,1,1,0,12000000.0,5,1,0.0,3,0,1,0,0,1,3
85,1,21,0,1,0,0,0,2650000.0,2,1,0.5,3,0,1,0,0,2,3
100,1,6,0,0,0,0,0,2750000.0,2,1,3.0,3,0,1,0,0,1,2
90,1,27,0,0,0,1,0,1550000.0,2,1,3.0,3,0,0,0,1,1,1
54,1,0,0,1,1,1,0,2500000.0,1,0,0.5,3,2,1,0,0,2,3
120,1,26,0,1,0,1,0,3950000.0,3,1,0.5,3,0,1,0,0,2,3
115,1,0,1,0,1,0,0,3475000.0,2,1,4.0,3,0,1,0,0,2,3
125,1,0,1,0,1,0,0,3500000.0,2,1,1.0,3,0,1,0,0,1,3
145,1,1,1,1,0,1,0,6500000.0,3,1,4.0,3,0,1,0,0,2,3
115,1,30,0,0,0,1,0,820000.0,2,1,3.0,1,0,1,0,0,0,3
150,2,0,1,1,1,1,0,3749000.0,3,1,4.0,3,0,1,0,0,2,3
130,1,1,0,1,1,0,0,2250000.0,3,1,0.0,3,0,0,1,0,2,3
100,1,21,0,0,0,0,0,550000.0,2,1,0.0,1,0,1,0,0,1,3
100,1,21,1,0,0,0,0,1550000.0,2,1,3.0,3,0,0,0,1,1,3
115,1,25,0,1,0,1,0,3485000.0,3,1,3.0,3,0,1,0,0,1,3
68,1,15,0,0,1,1,0,2250000.0,1,1,3.0,1,0,1,0,0,2,1
115,2,0,0,1,1,1,0,3400000.0,2,1,3.0,3,0,1,0,0,2,2
95,1,5,0,1,0,0,0,2600000.0,2,1,4.0,3,0,0,0,1,2,3
125,1,21,0,1,1,1,0,4275000.0,3,1,4.0,3,0,1,0,0,1,3
130,1,26,1,0,0,0,0,2225000.0,3,1,4.0,3,0,1,0,0,1,2
105,1,18,0,0,0,1,0,2350000.0,2,1,0.0,2,0,0,0,1,2,2
100,1,26,0,1,1,1,0,3150000.0,2,1,0.5,3,0,0,0,1,2,3
92,1,2,1,1,0,0,0,5000000.0,2,1,4.0,3,0,0,0,1,1,3
100,1,21,0,1,1,0,0,2850000.0,2,1,0.5,3,0,1,0,0,2,3
130,1,1,0,1,1,1,0,3200000.0,3,1,3.0,3,0,0,0,1,1,2
135,1,0,0,1,1,1,0,3150000.0,3,1,3.0,3,0,1,0,0,2,2
295,1,10,0,1,1,1,0,4600000.0,3,1,3.0,3,0,0,0,1,2,3
100,1,35,0,0,0,0,0,1200000.0,2,1,3.0,1,0,0,0,1,2,2
140,2,10,0,1,1,0,0,3800000.0,3,1,5.0,3,0,1,0,0,1,2
140,1,21,1,1,1,0,0,2750000.0,3,1,4.0,3,0,1,0,0,1,2
181,1,26,0,0,0,0,0,1900000.0,2,1,0.0,1,0,1,0,0,2,2
110,1,21,0,1,1,0,0,3250000.0,2,1,3.0,3,0,1,0,0,1,3
120,1,26,0,1,1,0,0,4200000.0,3,1,6.0,3,0,0,0,1,1,3
130,1,22,0,0,0,0,0,3100000.0,3,1,5.0,3,0,1,0,0,2,3
140,1,1,1,0,0,1,0,2990000.0,3,1,3.0,3,0,0,0,1,2,3
105,1,0,1,1,1,1,0,2750000.0,2,1,2.0,2,0,1,0,0,1,1
530,1,25,0,0,0,0,0,2350000.0,2,1,3.0,1,0,1,0,0,2,3
150,2,0,1,1,1,0,0,5200000.0,3,1,3.0,3,0,1,0,0,1,2
135,1,0,0,1,1,0,0,3650000.0,3,1,1.0,3,0,1,0,0,1,3
130,1,11,1,1,1,0,0,6250000.0,3,1,2.0,3,0,0,0,1,1,3
110,1,0,0,1,1,1,0,4100000.0,2,1,4.0,3,0,1,0,0,1,3
130,1,11,1,1,0,1,0,4750000.0,3,1,2.0,1,0,0,0,1,1,3
130,1,26,1,1,0,0,0,3125000.0,3,1,5.0,3,0,0,0,1,2,3
170,1,0,0,0,1,0,0,4100000.0,3,1,3.0,3,2,1,0,0,1,2
135,1,6,1,0,0,0,0,4100000.0,3,1,3.0,3,0,1,0,0,1,3
95,1,0,0,0,0,1,0,3900000.0,2,1,2.0,3,0,1,0,0,1,3
350,3,11,0,0,0,0,0,9500000.0,6,1,0.0,2,0,1,0,0,2,2
200,1,0,0,0,0,0,0,5300000.0,3,1,3.0,2,2,1,0,0,2,3
105,1,4,0,0,0,1,0,3250000.0,2,1,5.0,3,0,1,0,0,1,3
120,1,0,0,1,0,0,0,5250000.0,3,1,3.0,3,0,1,0,0,1,3
160,1,5,0,1,0,0,0,4250000.0,3,1,0.5,3,0,1,0,0,1,3
130,1,21,0,1,0,0,0,4100000.0,3,1,3.0,3,0,1,0,0,2,3
320,3,0,0,0,1,1,0,8250000.0,5,1,3.0,3,0,1,0,0,1,2
240,2,11,0,1,0,1,0,6850000.0,5,1,3.0,3,0,0,0,1,1,3
125,1,31,0,0,0,0,0,5300000.0,3,1,3.0,1,0,0,0,1,1,3
120,1,6,0,1,1,1,0,3850000.0,3,1,2.0,3,0,0,0,1,1,2
130,1,16,0,1,1,1,0,3150000.0,3,1,2.0,3,0,0,0,1,2,3
180,2,1,0,1,1,1,1,3150000.0,3,1,3.0,3,0,1,0,0,1,2
140,1,0,0,0,0,1,0,5250.0,3,1,3.0,3,0,1,0,0,1,3
105,1,0,0,1,1,0,0,2850000.0,2,1,2.0,3,2,1,0,0,1,2
141,1,23,1,0,0,0,0,4900000.0,3,1,3.0,0,0,1,0,0,2,3
135,1,20,0,0,0,0,0,1850000.0,2,1,5.0,3,0,1,0,0,2,2
125,1,30,0,0,0,0,0,2500000.0,3,1,0.0,1,0,0,1,0,1,2
189,1,45,0,0,0,0,0,1650000.0,2,1,3.0,1,0,1,0,0,0,3
55,1,0,0,1,1,1,0,2390000.0,1,1,1.0,3,0,1,0,0,1,2
50,1,2,0,0,0,0,0,3200000.0,1,1,0.5,1,0,1,0,0,0,3
110,1,21,1,0,0,0,0,2290000.0,3,1,4.0,3,0,0,0,1,2,3
100,1,35,0,0,0,0,0,1650000.0,2,1,3.0,1,0,1,0,0,2,3
80,1,0,1,1,1,1,0,4250000.0,2,1,3.0,3,2,1,0,0,1,3
130,1,7,0,1,1,0,0,3180000.0,3,1,3.0,3,0,1,0,0,1,2
55,1,0,0,0,1,0,0,3125000.0,1,1,5.0,2,0,1,0,0,1,3
120,1,16,1,0,0,0,0,1950000.0,3,1,1.0,0,0,1,0,0,2,3
70,1,21,0,0,0,0,0,1500000.0,2,0,0.0,1,0,1,0,0,0,3
175,2,5,1,1,0,1,0,8150000.0,4,1,0.0,2,0,0,0,1,1,3
160,1,7,1,1,1,1,0,4500000.0,3,1,0.0,2,0,1,0,0,1,3
179,2,5,1,1,1,0,0,6500000.0,4,1,8.0,3,0,0,1,0,1,3
150,2,1,1,0,1,0,0,4350000.0,3,1,2.0,3,0,1,0,0,1,3
58,1,0,1,0,1,1,0,2900000.0,1,1,3.0,3,0,1,0,0,1,3
110,2,0,1,0,0,1,0,3950000.0,2,1,9.0,2,0,0,0,1,1,3
162,2,0,0,0,1,1,0,8000000.0,3,1,1.0,3,0,1,0,0,0,3
160,1,34,0,1,0,1,0,3875000.0,3,1,0.0,3,0,1,0,0,1,3
153,1,0,0,1,1,1,0,5250000.0,3,1,3.0,3,2,1,0,0,2,3
130,2,26,1,1,1,0,0,3500000.0,3,0,2.0,3,0,1,0,0,2,3
100,1,6,1,0,0,0,0,2685000.0,2,1,0.5,3,0,0,1,0,1,3
125,1,8,1,1,1,0,0,4100000.0,3,1,2.0,3,0,1,0,0,1,3
130,1,1,0,1,1,0,0,3450000.0,3,1,5.0,3,0,1,0,0,2,3
117,1,25,0,1,0,0,0,3300000.0,3,1,1.0,3,0,0,1,0,2,3
110,1,5,0,1,0,1,0,6575000.0,2,1,2.0,3,0,1,0,0,1,3
95,1,5,0,1,0,0,0,3400000.0,2,1,4.0,3,0,0,0,1,1,3
60,1,1,0,0,0,1,0,2500000.0,2,1,3.0,1,0,0,0,1,1,3
95,1,30,0,0,0,0,0,1950000.0,2,1,4.0,1,0,1,0,0,2,3
135,1,6,0,0,0,0,0,2550000.0,3,1,3.0,3,0,1,0,0,1,3
118,1,21,1,0,0,0,0,1875000.0,3,1,4.0,3,0,1,0,0,2,2
115,1,11,0,0,0,0,0,2380000.0,3,1,0.0,3,0,0,0,1,2,3
75,1,1,0,0,1,1,0,3050000.0,2,1,3.0,3,0,1,0,0,1,3
150,1,15,0,0,0,0,0,4250000.0,3,1,4.0,3,0,1,0,0,2,3
95,1,1,1,1,1,1,0,5475000.0,2,1,2.0,3,0,1,0,0,1,3
110,1,0,1,1,1,0,0,3800000.0,2,1,2.0,3,0,1,0,0,1,3
140,2,1,0,1,1,0,0,5350000.0,3,1,1.0,3,0,1,0,0,2,3
135,1,0,0,1,1,1,0,3100000.0,3,1,3.0,3,2,1,0,0,2,2
190,2,0,1,1,1,1,0,7750000.0,3,1,3.0,3,0,0,0,1,2,3
142,1,26,0,0,0,1,0,2250000.0,2,1,1.0,1,0,1,0,0,2,3
135,1,28,1,0,1,1,0,2850000.0,3,1,3.0,3,0,0,0,1,2,2
130,1,18,0,0,1,0,0,3950000.0,3,1,0.5,3,0,1,0,0,1,3
130,1,7,0,0,0,0,0,2200000.0,3,1,5.0,1,0,0,0,1,1,1
380,3,5,1,1,0,0,0,12500000.0,3,1,0.0,0,0,0,0,1,1,3
85,2,0,0,1,1,1,0,3100000.0,2,1,1.0,3,2,1,0,0,2,2
95,1,4,0,1,1,0,0,3425000.0,2,1,3.0,3,0,0,1,0,2,3
185,2,0,0,1,0,1,0,4390000.0,3,1,4.0,3,0,1,0,0,0,3
140,1,25,0,1,0,0,0,3400000.0,3,2,2.0,3,0,1,0,0,1,3
130,1,26,0,0,0,0,0,1750000.0,3,1,0.0,1,0,1,0,0,1,2
67,1,24,0,0,0,0,0,1550000.0,2,1,3.0,1,0,1,0,0,2,2
95,2,0,0,1,0,1,0,2950000.0,2,0,0.5,3,2,1,0,0,2,3
130,1,25,0,0,0,0,0,4800000.0,3,1,-2.0,3,0,1,0,0,1,3
100,1,5,0,0,0,0,0,2450000.0,2,1,1.0,3,0,1,0,0,2,3
114,1,6,0,1,0,0,0,3850000.0,3,1,4.0,3,0,1,0,0,2,3
280,3,2,0,0,0,1,0,22000000.0,5,1,3.0,3,0,1,0,0,2,3
145,2,1,1,1,1,0,0,4350000.0,3,1,4.0,3,0,1,0,0,2,2
135,1,6,0,0,0,0,0,2045000.0,3,1,3.0,3,0,1,0,0,1,3
135,1,6,0,0,0,0,0,4300000.0,3,1,3.0,3,0,1,0,0,1,3
140,1,1,1,1,0,1,1,3600000.0,3,1,4.0,3,0,1,0,0,2,3
190,2,8,1,1,1,0,0,7750000.0,3,1,3.0,3,0,1,0,0,2,3
55,1,25,0,0,0,1,0,2750000.0,1,1,0.0,3,0,0,1,0,1,3
55,1,1,0,0,0,1,0,2950000.0,1,1,2.0,3,0,1,0,0,1,3
200,1,5,0,1,1,1,0,5900000.0,3,1,3.0,3,0,0,0,1,2,3
120,1,26,0,1,1,0,0,5100000.0,3,1,5.0,3,0,0,0,1,1,3
130,1,20,1,1,1,0,0,3950000.0,3,1,3.0,3,0,1,0,0,1,3
300,1,26,0,0,0,0,0,340000.0,2,1,3.0,1,0,0,0,1,0,1
100,1,7,1,0,0,0,0,3500000.0,2,1,4.0,3,0,0,0,1,2,3
95,1,3,0,0,1,1,0,2850000.0,2,1,0.5,3,0,1,0,0,1,3
105,1,25,1,1,0,1,0,3590000.0,3,1,3.0,3,0,1,0,0,2,3
135,1,6,0,0,0,0,0,4500000.0,3,1,3.0,3,0,1,0,0,1,3
95,1,0,0,1,1,1,0,3150000.0,2,1,4.0,3,0,1,0,0,1,3
152,2,1,1,1,1,0,0,4650000.0,3,1,4.0,2,0,1,0,0,1,3
210,2,6,0,0,1,0,0,4400000.0,4,1,4.0,3,0,1,0,0,2,3
127,1,1,1,1,1,0,0,4500000.0,3,1,4.0,3,0,1,0,0,2,3
155,2,15,1,1,1,0,0,4500000.0,3,1,5.0,3,0,1,0,0,2,3
200,2,0,1,1,1,0,0,3850000.0,4,1,5.0,3,2,1,0,0,1,2
110,1,0,0,0,0,1,0,3500000.0,3,0,0.5,3,2,1,0,0,2,3
105,1,7,0,0,1,1,0,4750000.0,2,1,3.0,3,0,0,1,0,1,2
130,1,30,0,1,1,1,0,4450000.0,3,1,0.5,3,0,1,0,0,2,3
135,1,13,1,1,1,0,0,6875000.0,3,1,5.0,3,0,1,0,0,1,3
130,1,7,1,1,1,1,0,3950000.0,3,1,1.0,3,0,1,0,0,1,3
245,1,3,1,1,1,0,0,5250000.0,4,1,3.0,3,0,0,0,1,2,3
90,1,27,0,0,0,1,0,1685000.0,2,1,5.0,1,0,1,0,0,2,2
135,1,6,0,0,0,0,0,2900000.0,3,1,3.0,3,0,1,0,0,1,3
100,1,4,1,1,1,0,0,3300000.0,2,1,1.0,3,0,0,0,1,1,3
110,1,1,0,1,1,1,0,3500000.0,2,1,1.0,3,0,1,0,0,1,3
110,1,0,1,1,0,1,0,3800000.0,2,1,2.0,3,0,1,0,0,1,3
120,1,1,1,1,1,0,0,3425000.0,3,1,3.0,3,0,1,0,0,2,3
125,1,2,0,1,0,0,0,3850000.0,3,1,3.0,3,2,1,0,0,1,2
130,1,1,0,1,1,1,0,3500000.0,3,1,1.0,3,0,0,0,1,1,2
120,1,15,0,1,1,0,0,7000000.0,3,1,3.0,1,0,0,0,1,1,3
135,1,0,1,1,1,0,0,5700000.0,3,1,4.0,0,2,1,0,0,1,3
140,2,5,0,1,0,1,0,4600000.0,3,1,2.0,3,0,1,0,0,2,3
58,1,4,1,0,0,0,1,2100000.0,1,1,2.0,1,0,1,0,0,2,2
135,1,16,0,0,0,0,0,3750000.0,3,1,4.0,3,0,0,1,0,2,3
140,2,0,0,0,1,1,0,4550000.0,3,1,3.0,3,0,1,0,0,2,2
132,2,0,0,0,1,0,0,4100000.0,3,1,1.0,3,0,1,0,0,1,2
150,2,0,1,1,1,1,0,6000000.0,3,1,2.0,3,0,1,0,0,2,3
95,1,0,0,1,1,0,0,2950000.0,2,1,4.0,3,2,1,0,0,1,2
100,1,0,1,1,1,1,0,3490000.0,2,1,3.0,3,0,1,0,0,2,3
130,1,21,0,1,1,1,0,4150000.0,3,1,3.0,3,0,1,0,0,1,3
180,2,15,1,1,1,0,1,4750000.0,3,1,3.0,3,0,1,0,0,2,3
115,1,26,0,1,0,1,0,3875000.0,3,1,3.0,3,0,1,0,0,1,3
200,1,21,1,0,0,0,0,5400000.0,4,1,1.0,3,0,0,0,1,1,3
127,1,15,1,1,1,1,0,5450000.0,3,1,6.0,3,0,0,0,1,2,3
135,1,11,1,0,1,1,0,3875000.0,3,1,0.5,3,0,1,0,0,2,1
85,1,1,0,1,1,0,0,3900000.0,2,1,2.0,3,0,1,0,0,1,3
125,1,6,1,0,1,1,0,3500000.0,3,1,4.0,3,0,0,1,0,2,3
80,1,3,0,0,0,0,0,5750000.0,2,1,0.0,3,0,0,0,1,1,3
135,2,0,0,1,1,0,0,4150000.0,3,1,5.0,3,2,1,0,0,1,3
105,1,5,0,1,0,0,1,3900000.0,2,1,2.0,3,0,0,1,0,1,2
135,1,6,0,0,0,1,0,4600000.0,3,1,2.0,3,0,1,0,0,2,3
115,1,16,1,1,1,0,0,3950000.0,2,1,3.0,3,0,0,0,1,2,3
102,2,0,0,1,1,1,0,4100000.0,2,1,5.0,3,2,1,0,0,1,3
175,1,12,0,1,0,0,0,6500000.0,3,1,2.0,3,0,0,0,1,1,3
95,1,4,1,0,0,1,0,3700000.0,2,1,0.5,3,0,0,0,1,1,3
160,2,5,0,0,1,1,0,5500000.0,3,1,-2.0,3,0,0,0,1,1,3
200,2,0,0,0,1,0,0,4440000.0,4,1,4.0,3,0,1,0,0,2,3
134,2,0,0,1,1,0,0,5600000.0,3,1,3.0,3,0,1,0,0,2,3
125,1,25,1,1,0,0,0,4700000.0,3,1,3.0,3,0,0,0,1,2,3
95,1,1,1,1,0,1,0,3500000.0,2,1,2.0,3,0,1,0,0,1,3
280,3,1,1,1,1,1,0,5250000.0,5,1,5.0,3,0,1,0,0,1,3
130,1,0,1,1,1,0,0,4750000.0,3,1,2.0,3,0,1,0,0,1,3
130,1,6,0,0,1,0,0,3490000.0,3,1,4.0,3,0,0,1,0,2,3
155,2,11,1,1,1,1,0,4500000.0,3,1,4.0,3,0,1,0,0,2,3
250,3,4,0,0,0,1,0,5000000.0,5,1,4.0,3,0,0,0,1,1,3
130,1,21,0,1,1,0,0,4500000.0,3,1,3.0,3,0,1,0,0,1,3
95,1,11,0,1,1,1,0,4250000.0,2,1,0.5,3,0,0,0,1,2,3
60,1,25,0,0,0,1,0,2550000.0,1,1,0.0,1,0,1,0,0,1,3
85,1,1,0,1,1,1,0,3050000.0,2,1,0.5,3,0,1,0,0,2,3
75,1,4,0,0,0,0,1,2500000.0,2,1,0.0,1,0,1,0,0,0,3
120,1,25,1,1,0,1,0,4350000.0,3,1,3.0,3,0,1,0,0,2,3
85,1,1,0,1,0,0,0,2900000.0,2,1,0.5,3,0,1,0,0,1,3
135,1,1,1,1,1,0,0,4250000.0,3,1,3.0,3,0,0,0,1,1,3
180,2,1,0,1,0,0,0,6700000.0,4,1,2.0,3,0,0,0,1,1,3
50,1,7,0,0,1,0,1,2650000.0,1,1,2.0,3,0,1,0,0,1,3
90,1,1,0,0,1,0,0,3900000.0,2,1,2.0,3,0,1,0,0,1,3
135,1,6,0,0,0,0,0,4650000.0,3,1,3.0,3,0,1,0,0,1,3
280,2,22,1,1,1,1,0,6000000.0,4,1,4.0,3,0,0,0,1,1,3
92,1,1,0,1,0,0,0,2550000.0,2,0,4.0,3,0,0,1,0,2,2
80,1,21,0,1,1,1,0,2950000.0,2,1,2.0,3,0,1,0,0,1,3
90,2,1,0,1,1,1,0,3600000.0,2,1,2.0,3,0,1,0,0,2,2
225,2,0,1,0,1,0,0,14950000.0,5,1,3.0,3,0,1,0,0,2,2
130,2,0,1,1,0,1,0,4500000.0,3,1,3.0,3,0,1,0,0,1,3
145,1,20,0,1,1,0,0,4600000.0,3,1,3.0,3,0,1,0,0,2,3
130,1,1,1,1,0,0,0,4250000.0,3,1,3.0,3,0,1,0,0,1,3
160,1,21,1,1,1,0,0,3500000.0,3,1,6.0,3,0,0,0,1,2,3
310,3,0,0,1,1,1,0,5500000.0,5,1,5.0,3,0,1,0,0,2,3
250,2,1,1,1,1,0,0,4740000.0,4,2,4.0,3,0,1,0,0,1,3
120,1,25,1,1,0,1,0,4800000.0,3,1,3.0,3,0,1,0,0,1,3
100,1,21,0,1,0,1,0,3650000.0,3,1,5.0,3,0,1,0,0,1,3
130,1,16,1,1,1,1,0,3600000.0,3,1,3.0,3,0,1,0,0,1,3
115,2,1,0,0,1,1,0,3500000.0,3,1,0.5,3,0,1,0,0,1,3
125,1,26,1,1,1,1,0,4150000.0,3,1,3.0,3,0,1,0,0,1,3
95,1,1,0,1,0,0,0,3450000.0,2,1,1.0,3,0,1,0,0,1,3
141,1,11,0,1,0,0,0,2500000.0,3,1,3.0,3,0,0,1,0,1,3
125,1,4,0,0,1,1,0,4250000.0,3,1,2.0,3,0,1,0,0,1,3
125,1,5,0,1,1,1,0,4500000.0,3,1,2.0,3,0,0,0,1,2,3
230,2,1,0,1,1,1,0,4600000.0,5,1,3.0,3,0,1,0,0,1,2
116,1,5,0,1,1,0,0,7200000.0,2,1,3.0,1,0,0,1,0,1,3
231,1,10,0,1,0,0,0,3600000.0,3,1,5.0,3,2,1,0,0,1,3
135,2,0,1,0,1,1,0,6200000.0,3,1,3.0,3,2,1,0,0,1,3
100,1,1,0,0,1,0,0,4200000.0,2,1,2.0,3,0,1,0,0,2,3
110,1,1,0,0,1,1,0,4100000.0,2,1,4.0,3,0,1,0,0,1,3
85,1,0,0,0,0,0,0,3600000.0,2,1,4.0,3,0,1,0,0,1,3
100,1,1,0,0,1,0,0,3400000.0,2,1,0.5,3,0,1,0,0,1,3
125,2,1,1,1,0,0,0,3950000.0,3,1,3.0,3,0,1,0,0,2,3
105,1,0,0,0,0,0,0,4000000.0,2,1,2.0,3,2,1,0,0,2,3
140,2,1,0,0,1,1,0,4100000.0,3,1,0.5,3,0,1,0,0,1,3
140,1,25,1,1,0,0,0,3900000.0,3,1,1.0,3,0,1,0,0,1,3
75,1,11,0,0,0,0,0,1600000.0,2,1,2.0,3,0,1,0,0,2,3
135,1,0,0,1,1,1,0,3250000.0,3,1,1.0,3,0,1,0,0,2,2
195,1,0,1,1,0,0,0,5200000.0,5,1,3.0,3,2,1,0,0,2,3
140,1,6,0,1,1,0,0,4300000.0,3,1,2.0,3,0,0,1,0,1,3
105,1,5,0,0,1,0,0,3650000.0,2,1,4.0,3,0,0,0,1,1,3
90,1,7,0,0,0,0,0,2690000.0,2,1,3.0,3,0,0,1,0,1,3
100,1,25,0,1,0,0,0,3300000.0,2,1,2.0,3,0,0,1,0,2,3
120,1,5,0,1,1,0,0,3750000.0,3,1,2.0,3,0,1,0,0,2,3
120,1,1,0,1,0,0,0,3695000.0,3,1,3.0,3,0,1,0,0,1,3
158,1,30,1,1,0,1,0,6600000.0,3,1,2.0,3,0,0,0,1,1,3
114,1,0,0,1,1,1,0,8600000.0,3,1,6.0,3,0,0,0,1,1,3
140,1,6,0,0,0,0,1,2750000.0,3,1,0.0,1,0,0,0,1,2,3
160,1,25,0,1,1,0,0,3950000.0,3,1,0.5,3,0,1,0,0,1,3
140,2,0,0,0,0,0,0,3850000.0,3,1,2.0,3,0,1,0,0,1,2
96,1,0,1,1,1,0,1,3550000.0,2,1,2.0,3,2,1,0,0,1,2
210,2,3,1,0,1,1,0,6500000.0,4,1,3.0,3,0,0,0,1,1,2
95,1,0,0,1,1,1,0,3850000.0,2,1,0.5,3,0,1,0,0,1,3
145,1,3,0,0,1,1,0,4500000.0,3,1,3.0,3,0,1,0,0,1,3
83,1,0,0,1,0,0,1,3400000.0,2,1,4.0,3,2,1,0,0,1,3
250,2,5,0,1,1,1,0,5250000.0,5,1,4.0,3,0,0,0,1,1,2
145,1,0,1,1,1,1,0,5000000.0,3,1,3.0,3,2,1,0,0,1,3
130,1,4,0,1,1,1,0,4350000.0,3,1,4.0,3,0,1,0,0,1,3
105,1,21,0,1,1,1,0,3890000.0,2,1,4.0,3,0,1,0,0,2,3
95,1,1,0,1,0,1,0,3200000.0,2,1,4.0,3,0,0,1,0,1,3
80,1,0,0,0,0,0,0,3500000.0,2,1,2.0,3,0,1,0,0,1,3
188,1,20,0,0,0,0,0,870000.0,2,2,3.0,3,0,1,0,0,2,1
180,2,4,1,1,0,0,0,4400000.0,4,1,5.0,3,0,1,0,0,1,3
135,1,21,0,0,0,0,0,2500000.0,3,1,3.0,3,0,0,1,0,1,3
150,2,4,1,1,0,1,0,5750000.0,3,1,2.0,3,0,0,1,0,1,3
60,1,1,0,1,1,0,0,3500000.0,1,1,3.0,3,0,1,0,0,1,3
130,1,0,1,1,1,0,0,4250000.0,3,1,4.0,3,0,1,0,0,2,3
140,1,1,0,1,0,0,0,4100000.0,3,1,2.0,3,0,1,0,0,1,2
100,2,0,0,1,0,0,0,3950000.0,2,1,2.0,3,0,1,0,0,1,3
85,1,0,0,1,0,0,0,3650000.0,2,1,0.5,3,0,1,0,0,1,3
90,1,0,0,0,0,1,0,3500000.0,2,1,3.0,3,0,1,0,0,1,3
105,1,0,0,0,0,1,0,4000000.0,2,1,2.0,3,0,1,0,0,2,3
65,1,0,0,0,0,0,0,2800000.0,1,1,2.0,3,0,1,0,0,1,3
140,2,0,0,0,1,0,0,6800000.0,3,1,2.0,3,0,1,0,0,1,3
130,1,11,1,1,1,0,0,2350000.0,3,1,4.0,3,0,0,1,0,2,3
155,1,5,1,0,0,0,0,5500000.0,3,1,1.0,3,0,0,0,1,0,3
115,1,25,0,0,0,0,0,2000000.0,2,1,5.0,1,0,0,1,0,1,3
140,2,26,1,1,1,0,0,5700000.0,3,1,4.0,3,0,1,0,0,1,3
100,1,1,1,1,1,1,0,3850000.0,3,1,1.0,3,0,1,0,0,1,3
150,1,6,1,1,0,0,0,5150000.0,3,1,4.0,3,0,1,0,0,1,3
125,1,0,1,1,1,0,0,4000000.0,3,1,1.0,3,2,1,0,0,1,2
115,1,25,1,1,1,1,0,3800000.0,3,1,2.0,3,0,1,0,0,2,3
130,1,25,0,1,1,1,0,4275000.0,3,1,4.0,3,0,1,0,0,1,3
90,1,6,0,0,0,1,0,3350000.0,2,1,4.0,3,0,0,1,0,1,3
120,1,1,1,1,1,0,0,4150000.0,3,1,3.0,3,0,1,0,0,1,3
95,1,0,0,0,1,1,0,3450000.0,2,1,0.5,3,0,1,0,0,1,3
140,1,4,0,1,1,0,0,6000000.0,3,1,3.0,3,0,0,1,0,1,3
85,1,0,0,1,0,0,0,3850000.0,2,1,3.0,3,0,1,0,0,1,3
150,2,0,0,1,1,0,0,5250000.0,3,1,3.0,3,0,1,0,0,2,3
157,1,6,0,0,1,0,0,4300000.0,3,1,2.0,3,0,0,0,1,2,3
130,1,0,0,1,1,0,0,4000000.0,3,1,4.0,3,0,1,0,0,2,3
85,1,0,0,1,1,1,0,3650000.0,2,1,2.0,3,0,1,0,0,1,3
135,1,12,1,1,0,1,0,3750000.0,3,1,5.0,3,0,1,0,0,2,3
120,1,0,1,1,1,0,0,3750000.0,3,1,2.0,3,0,1,0,0,1,3
240,2,16,0,1,0,0,0,8250000.0,5,2,2.0,3,0,0,0,1,1,3
95,1,11,0,0,0,1,0,2495000.0,2,1,0.5,1,0,0,1,0,1,3
80,1,0,0,1,0,1,0,3400000.0,2,1,3.0,3,2,1,0,0,2,3
110,1,21,1,0,0,1,0,3050000.0,2,1,5.0,3,0,0,0,1,2,3
105,1,1,0,0,1,0,0,4100000.0,2,1,3.0,3,0,1,0,0,1,3
135,1,21,1,1,1,0,0,4295000.0,3,1,4.0,3,0,0,0,1,1,3
130,1,1,1,1,0,0,0,4250000.0,3,1,3.0,3,0,1,0,0,1,3
110,1,0,0,0,1,0,0,4000000.0,2,1,1.0,3,2,1,0,0,1,2
140,1,1,0,0,1,1,0,5000000.0,3,1,2.0,3,0,1,0,0,1,3
125,1,0,0,0,1,1,0,4950000.0,3,1,2.0,3,0,1,0,0,1,3
125,1,16,0,0,1,0,0,2625000.0,2,1,2.0,1,0,0,1,0,2,3
600,1,5,0,0,0,0,0,65000000.0,3,1,3.0,2,0,0,1,0,2,3
130,2,21,1,1,1,0,0,3850000.0,3,1,6.0,3,0,0,0,1,1,3
125,1,4,1,1,0,0,0,3995000.0,3,1,0.5,3,0,0,0,1,2,3
100,1,21,0,0,0,0,1,2550000.0,2,1,0.0,3,0,0,0,1,2,3
95,1,1,0,0,0,0,0,3125000.0,2,1,4.0,3,0,1,0,0,1,3
80,1,21,0,0,0,0,0,1480000.0,2,1,4.0,1,0,1,0,0,2,3
130,1,26,0,1,0,1,0,2700000.0,3,1,3.0,3,0,0,0,1,1,2
95,1,23,1,0,0,0,0,1350000.0,2,1,4.0,3,0,0,1,0,2,2
95,2,0,0,1,1,0,0,4000000.0,2,1,1.0,3,2,1,0,0,1,2
143,2,3,0,1,1,0,0,6500000.0,3,0,4.0,3,2,1,0,0,1,3
150,2,9,0,0,1,0,0,6350000.0,3,1,3.0,2,0,0,1,0,2,3
160,1,1,1,1,1,1,0,5250000.0,3,1,5.0,2,0,1,0,0,1,3
150,2,0,0,1,1,1,0,5250000.0,3,1,1.0,3,0,1,0,0,2,3
120,1,0,0,1,0,0,0,4750000.0,2,1,4.0,3,0,1,0,0,2,3
135,1,4,1,1,0,0,0,5175000.0,3,1,3.0,3,0,0,0,1,1,3
178,2,6,1,1,0,1,0,4550000.0,3,1,2.0,3,0,0,0,1,2,3
130,2,0,1,1,1,1,0,5250000.0,2,1,1.0,3,0,1,0,0,1,3
110,1,0,0,0,0,0,0,8600000.0,2,1,2.0,3,0,1,0,0,1,3
110,1,5,0,0,0,1,0,6500000.0,2,0,0.0,1,0,1,0,0,2,3
100,1,1,0,1,1,0,0,3800000.0,3,0,3.0,3,2,1,0,0,1,3
165,2,3,0,0,1,1,0,8750000.0,3,1,3.0,3,0,1,0,0,1,3
115,1,0,0,1,1,0,0,3750000.0,3,1,1.0,3,0,1,0,0,1,2
125,1,0,0,0,1,1,0,4750000.0,3,1,3.0,3,0,1,0,0,1,3
90,1,11,1,0,0,0,0,2950000.0,2,1,0.0,3,0,0,0,1,2,3
155,2,4,1,1,1,0,0,5450000.0,3,1,5.0,3,0,0,0,1,1,3
170,1,0,1,1,1,1,0,6500000.0,4,1,3.0,3,2,1,0,0,2,3
115,1,0,0,1,1,0,0,3650000.0,2,1,2.0,3,0,1,0,0,2,3
95,1,0,0,0,1,0,0,3400000.0,2,1,3.0,3,0,1,0,0,1,3
227,3,1,1,0,0,1,0,14500000.0,5,1,0.0,3,0,1,0,0,1,2
130,1,0,0,1,1,1,0,5490000.0,3,1,3.0,3,0,1,0,0,1,3
140,2,1,0,1,1,1,0,4475000.0,3,1,11.0,2,0,1,0,0,2,3
140,1,16,0,1,1,0,0,4350000.0,3,1,3.0,3,0,1,0,0,1,3
85,1,1,1,0,1,0,0,3495000.0,2,1,5.0,3,0,1,0,0,1,3
120,1,21,0,0,0,0,0,1900000.0,3,1,5.0,1,0,1,0,0,1,3
115,1,0,0,1,1,1,0,3650000.0,2,1,2.0,3,0,1,0,0,1,3
120,1,5,0,1,1,0,0,4975000.0,3,1,3.0,3,0,1,0,0,1,3
140,1,8,1,1,0,1,0,5450000.0,3,1,5.0,3,0,0,0,1,1,3
145,1,6,1,0,1,0,0,3850000.0,3,1,1.0,3,0,0,0,1,2,3
140,1,21,0,1,0,0,0,4500000.0,3,1,0.0,3,0,1,0,0,1,3
125,1,34,1,1,0,1,0,4350000.0,3,1,3.0,3,0,1,0,0,1,3
100,2,0,1,1,1,0,0,4500000.0,2,1,0.5,3,2,1,0,0,1,3
75,1,0,0,0,0,0,0,4250000.0,2,1,2.0,3,0,1,0,0,1,3
160,1,5,0,1,1,0,0,4100000.0,3,1,0.5,3,0,1,0,0,1,3
150,2,0,0,1,1,0,0,5250000.0,3,1,3.0,3,0,1,0,0,2,3
120,1,21,1,1,1,0,0,6800000.0,3,1,2.0,3,0,1,0,0,1,3
275,2,1,0,1,1,1,0,4000000.0,4,1,3.0,3,0,1,0,0,1,2
125,1,1,0,0,1,1,0,3550000.0,3,1,0.5,3,0,0,1,0,1,3
120,2,0,1,1,1,1,0,5250000.0,3,1,3.0,3,0,1,0,0,2,3
125,1,1,0,1,1,1,0,4700000.0,3,1,2.0,3,0,1,0,0,1,3
130,1,11,0,0,1,0,0,6500000.0,3,1,2.0,1,0,1,0,0,2,3
135,1,1,0,1,1,1,0,4500000.0,3,1,5.0,3,0,1,0,0,1,3
145,1,6,1,0,1,0,0,4100000.0,3,1,4.0,3,0,1,0,0,1,3
100,1,0,1,1,1,0,1,4100000.0,2,1,4.0,3,0,1,0,0,1,3
92,1,1,0,1,0,1,0,4500000.0,2,1,1.0,3,0,1,0,0,1,3
135,1,1,0,1,0,1,0,5300000.0,3,1,2.0,3,0,1,0,0,2,3
100,1,0,0,1,1,1,0,4100000.0,2,1,2.0,3,0,1,0,0,1,3
150,1,0,0,1,1,0,0,5000000.0,3,1,3.0,3,0,1,0,0,2,3
180,2,1,1,1,1,0,0,4250000.0,4,1,4.0,3,0,1,0,0,1,3
136,1,21,0,1,0,1,0,4950000.0,3,1,4.0,3,0,1,0,0,1,3
250,2,6,1,1,0,1,0,10250000.0,4,1,5.0,3,0,1,0,0,1,3
125,2,0,1,1,1,0,0,4150000.0,3,1,3.0,3,0,1,0,0,2,3
64,1,5,0,0,0,0,0,12500000.0,1,1,3.0,1,2,0,0,1,0,3
100,1,0,0,0,1,1,0,5495000.0,2,1,2.0,3,0,1,0,0,1,3
125,1,21,0,1,1,0,0,3500000.0,3,1,4.0,3,0,1,0,0,1,3
200,1,0,0,0,0,0,0,6250000.0,5,1,5.0,3,0,1,0,0,1,3
150,2,0,0,1,1,1,0,3900000.0,3,1,2.0,3,0,1,0,0,2,3
130,1,21,1,1,0,0,0,4575000.0,3,1,4.0,3,0,0,0,1,2,3
105,1,0,0,1,1,0,0,3350000.0,2,1,2.0,3,0,1,0,0,2,3
65,1,1,0,0,0,0,0,2100000.0,1,1,1.0,3,0,1,0,0,2,3
180,2,11,1,1,1,0,0,8300000.0,4,1,4.0,3,0,0,0,1,2,3
145,2,0,0,0,0,0,0,5000000.0,3,1,3.0,3,0,1,0,0,0,3
357,1,25,0,1,1,0,0,7500000.0,3,1,3.0,1,0,0,1,0,0,3
200,2,1,1,1,1,0,0,4500000.0,4,1,4.0,3,0,0,0,1,1,2
140,1,11,0,1,1,0,1,3599000.0,3,1,4.0,3,0,1,0,0,2,3
140,1,1,0,1,1,0,0,3300000.0,3,1,1.0,3,0,1,0,0,2,3
160,2,0,0,1,1,0,0,6750000.0,3,1,1.0,3,0,1,0,0,2,3
90,1,5,1,1,0,1,0,3350000.0,2,1,0.5,3,0,1,0,0,2,3
125,1,25,0,0,0,0,0,3680000.0,3,1,4.0,3,0,1,0,0,1,3
140,1,16,0,1,1,1,0,4350000.0,3,1,5.0,3,0,0,0,1,2,3
130,2,0,0,0,1,1,0,4250000.0,2,1,3.0,3,0,1,0,0,1,3
125,1,26,0,1,1,0,0,2350000.0,3,1,3.0,0,0,1,0,0,1,3
125,1,34,1,1,0,0,0,3350000.0,3,1,4.0,3,0,1,0,0,1,3
480,1,30,0,0,0,0,0,2550000.0,2,1,3.0,1,0,1,0,0,2,3
135,1,21,1,1,1,1,0,2950000.0,3,1,6.0,3,0,0,0,1,2,3
60,1,0,0,0,0,0,0,2650000.0,1,1,2.0,2,0,1,0,0,1,3
145,1,31,0,0,0,0,0,2950000.0,3,1,3.0,3,0,1,0,0,2,2
89,2,0,0,0,0,1,0,3470000.0,3,1,0.5,3,0,1,0,0,1,3
280,1,19,1,0,0,1,0,14000000.0,4,1,3.0,3,0,1,0,0,1,2
105,1,0,0,1,1,0,0,4150000.0,2,1,2.0,3,0,1,0,0,2,3
105,1,0,1,1,1,0,0,3650000.0,2,1,1.0,3,0,1,0,0,2,3
95,1,25,1,0,0,0,0,2550000.0,2,1,3.0,3,0,0,0,1,1,3
316,1,35,0,0,0,0,0,1500000.0,2,1,3.0,1,0,1,0,0,0,1
135,1,6,0,0,0,0,0,4650000.0,3,1,3.0,3,0,1,0,0,1,3
135,1,4,0,0,1,1,0,4950000.0,3,1,2.0,3,0,0,0,1,1,3
180,2,11,1,0,1,1,0,8000000.0,4,1,4.0,2,0,0,0,1,1,3
200,1,3,0,0,0,1,0,29900000.0,3,0,0.0,1,0,1,0,0,2,3
100,1,31,0,0,0,0,0,2700000.0,2,1,0.0,3,0,1,0,0,1,3
110,1,0,0,1,1,0,0,4750000.0,2,1,4.0,3,0,1,0,0,2,3
250,2,5,0,1,0,1,0,8500000.0,3,2,0.0,2,0,0,0,1,0,3
360,1,31,0,0,0,0,0,650000.0,2,0,1.0,0,0,1,0,0,0,1
90,1,0,0,0,1,1,0,3650000.0,2,1,0.5,3,0,1,0,0,1,3
150,1,16,0,1,1,1,0,3225000.0,3,1,4.0,3,0,0,0,1,1,3
85,1,4,0,0,1,1,0,3450000.0,2,1,2.0,3,0,1,0,0,1,3
135,1,1,1,1,0,0,0,3800000.0,3,1,2.0,3,0,1,0,0,1,3
150,1,11,1,0,0,0,0,3000000.0,3,1,2.0,3,0,0,0,1,2,2
140,2,0,0,0,1,1,0,7500000.0,3,1,3.0,3,0,1,0,0,1,3
135,1,6,0,0,0,0,0,16250000.0,3,1,3.0,3,0,1,0,0,1,2
100,1,5,0,0,0,0,0,2500000.0,2,1,3.0,3,0,0,0,1,1,3
140,1,16,0,1,1,0,0,3850000.0,3,1,0.5,3,0,1,0,0,1,3
135,1,1,1,1,0,0,0,3950000.0,3,1,4.0,3,0,1,0,0,1,3
130,1,21,0,1,0,0,0,3950000.0,2,1,2.0,3,0,1,0,0,2,3
95,1,1,1,1,1,0,0,3100000.0,2,1,1.0,3,0,1,0,0,2,3
125,1,26,1,1,0,1,0,4220000.0,3,1,2.0,3,0,0,0,1,1,3
102,1,0,0,1,1,0,0,3800000.0,2,1,2.0,3,0,1,0,0,2,3
115,1,26,1,1,0,0,0,2450000.0,3,1,2.0,3,0,0,0,1,1,2
300,2,10,0,0,0,1,0,23500000.0,4,0,0.0,1,0,1,0,0,2,3
110,1,23,0,1,0,0,0,4650000.0,3,1,2.0,3,0,0,1,0,1,3
130,1,20,0,1,0,1,0,3750000.0,3,1,2.0,3,0,1,0,0,1,3
130,1,26,0,1,1,0,0,2400000.0,2,1,4.0,3,0,1,0,0,2,3
100,1,21,0,1,1,0,0,2950000.0,2,1,5.0,3,0,1,0,0,2,3
120,1,25,1,1,0,1,0,3750000.0,3,1,1.0,3,0,1,0,0,2,3
135,1,21,1,0,0,0,0,3500000.0,3,1,3.0,3,0,1,0,0,1,3
140,1,6,0,1,0,1,0,3975000.0,3,1,1.0,3,0,1,0,0,1,3
150,2,0,1,1,1,1,0,5500000.0,3,1,2.0,3,0,1,0,0,2,3
200,1,25,0,0,0,0,1,1950000.0,2,1,3.0,1,0,1,0,0,0,1
200,2,0,0,0,1,0,0,6000000.0,4,1,3.0,3,0,1,0,0,2,3
200,2,0,0,1,1,1,0,6149000.0,3,1,4.0,3,0,1,0,0,2,3
103,1,26,0,0,0,0,0,2700000.0,2,1,2.0,3,0,0,1,0,1,2
104,2,0,1,0,1,0,0,3500000.0,2,1,3.0,3,0,1,0,0,1,3
58,1,1,1,0,1,1,0,2900000.0,1,1,3.0,3,0,1,0,0,1,3
65,1,4,1,0,1,1,0,4450000.0,1,1,0.5,3,0,1,0,0,1,3
160,2,5,1,1,0,0,0,4900000.0,3,1,2.0,3,0,0,0,1,2,3
135,1,25,0,0,0,0,0,2500000.0,3,1,3.0,1,0,1,0,0,2,3
165,2,4,0,1,0,1,1,7650000.0,3,1,2.0,3,0,1,0,0,1,3
125,2,24,1,1,1,0,0,4150000.0,3,1,3.0,3,0,0,0,1,2,3
90,1,0,1,1,1,1,0,3400000.0,2,1,3.0,3,0,1,0,0,1,3
120,1,0,0,1,1,0,0,3500000.0,2,1,3.0,3,0,1,0,0,1,3
110,1,1,1,1,1,0,0,3630000.0,2,1,2.0,3,0,0,0,1,1,3
190,2,0,1,1,1,1,0,4650000.0,4,1,5.0,2,0,1,0,0,1,3
230,1,27,0,0,0,0,0,5450000.0,3,1,3.0,1,0,1,0,0,1,2
140,1,11,0,0,0,0,1,2980000.0,2,1,0.5,3,0,0,1,0,1,3
130,2,21,0,1,1,0,0,3850000.0,3,1,0.0,3,0,1,0,0,1,3
130,2,0,0,0,1,0,0,5950000.0,3,1,3.0,3,0,1,0,0,2,3
120,2,5,0,1,1,1,0,6500000.0,4,1,0.0,1,0,0,0,1,0,3
95,1,1,0,0,0,0,0,3200000.0,2,1,2.0,3,0,1,0,0,1,2
400,3,0,0,1,0,1,0,15000000.0,6,2,4.0,3,0,1,0,0,2,3
140,1,26,0,0,0,0,0,2300000.0,3,1,1.0,1,0,1,0,0,1,2
130,1,1,1,1,0,0,0,3375000.0,3,1,4.0,3,0,1,0,0,2,3
160,2,0,1,0,0,0,0,8000000.0,3,1,4.0,3,0,1,0,0,1,3
140,1,6,1,0,0,0,0,4450000.0,3,1,4.0,3,0,0,1,0,1,3
116,2,26,1,1,1,1,0,4500000.0,3,1,5.0,3,0,0,0,1,1,3
130,1,20,0,1,0,0,0,4450000.0,3,1,3.0,3,0,1,0,0,1,3
191,3,1,0,1,1,1,0,8500000.0,5,1,3.0,3,0,1,0,0,1,2
100,1,11,1,1,0,0,0,2199000.0,2,1,4.0,3,0,0,0,1,2,3
130,1,7,0,1,0,0,0,3150000.0,3,1,0.0,3,0,1,0,0,1,3
240,2,5,1,1,1,0,0,12600000.0,4,1,4.0,3,0,1,0,0,1,3
120,1,6,0,1,0,0,0,3600000.0,3,1,4.0,3,0,1,0,0,2,3
230,2,5,0,1,0,1,0,5980000.0,3,1,2.0,3,0,0,0,1,2,3
200,1,15,0,1,1,0,0,5500000.0,4,1,5.0,3,0,1,0,0,1,3
130,1,0,0,1,1,0,0,4700000.0,3,1,4.0,3,0,1,0,0,2,3
90,1,1,0,1,1,1,0,2550000.0,2,1,1.0,3,0,1,0,0,1,2
145,2,15,1,1,0,0,0,4500000.0,3,1,5.0,3,0,1,0,0,2,3
106,2,1,1,0,1,0,0,9980000.0,2,1,4.0,2,0,1,0,0,2,3
130,1,0,0,0,0,0,0,6000000.0,3,1,2.0,3,0,1,0,0,1,3
210,2,0,1,1,1,1,0,9400000.0,4,1,-1.0,3,2,1,0,0,1,3
170,1,16,0,1,0,0,0,3140000.0,3,1,3.0,3,0,0,0,1,2,3
160,1,16,1,1,1,1,0,3100000.0,3,1,4.0,3,0,0,0,1,2,3
100,1,4,0,0,0,0,0,4950000.0,2,1,0.5,3,0,1,0,0,1,3
120,1,1,0,1,0,0,0,4250000.0,3,0,1.0,3,0,0,0,1,2,3
115,1,0,0,1,0,0,0,3600000.0,2,1,3.0,3,2,1,0,0,2,3
120,1,21,0,1,0,0,0,3850000.0,3,1,0.5,3,0,1,0,0,1,3
80,1,0,0,0,0,0,0,3150000.0,2,1,-3.0,3,0,1,0,0,1,3
130,1,20,1,1,0,1,0,4800000.0,3,1,4.0,3,0,1,0,0,2,3
390,3,0,1,0,1,1,0,13500000.0,4,1,0.0,3,0,1,0,0,2,2
100,1,6,0,1,1,0,0,2500000.0,2,1,4.0,0,0,0,1,0,2,3
140,1,1,0,1,1,1,0,5950000.0,3,1,2.0,3,0,1,0,0,1,3
105,1,0,1,1,1,1,0,4250000.0,2,1,1.0,3,0,1,0,0,1,3
