Baslik,Link,Fiyat,Oda,M2,Konum
ALAŞEHİR YENİCE MH DE ARA KAT SATILIK GAR KARŞISINDA DAİRE,https://www.hepsiemlak.com/manisa-alasehir-yenice-satilik/daire/160695-51,"3.500.000
TL",3 + 1,120 m²,Manisa / Alaşehir / Yenice Mah.
Yatırımlık fırsat daire,https://www.hepsiemlak.com/manisa-turgutlu-istiklal-satilik/daire/164247-104,"2.150.000
TL",2 + 1,85 m²,Manisa / Turgutlu / İstiklal Mah.
MUSTAFA BAŞYİĞİT EMLAK'TAN SATILIK DAİRE TAHİR ÜN CADDESİNDE,https://www.hepsiemlak.com/manisa-akhisar-pasa-satilik/daire/162406-244,"3.850.000
TL",3 + 1,165 m²,Manisa / Akhisar / Paşa Mah.
Ragıpbey'de 150 m² 3+1 Doğalgazlı ve Asansörlü Geniş Daire,https://www.hepsiemlak.com/manisa-akhisar-ragip-bey-satilik/daire/86919-650,"3.500.000
TL",3 + 1,150 m²,Manisa / Akhisar / Ragıp Bey Mah.
MANİSA GÜZELYURT ÖZGE SİTESİNDE SATILIK TRİPLEKS VİLLA,https://www.hepsiemlak.com/manisa-yunusemre-guzelyurt-satilik/villa/94966-814,"15.500.000
TL",4 + 1,270 m²,Manisa / Yunusemre / Güzelyurt Mah.
Merkezi yerde Müstakil Ev,https://www.hepsiemlak.com/manisa-akhisar-seyhisa-satilik/mustakil-ev/0-45677862,"1.725.000
TL",3 + 1,91 m²,Manisa / Akhisar / Şeyhisa Mah.
BAŞUSTA GAYRİMENKUL'DEN HALİL KALE CADDE ÜZERİ DAİRE,https://www.hepsiemlak.com/manisa-turgutlu-subasi-satilik/daire/164377-3,"2.600.000
TL",2 + 1,110 m²,Manisa / Turgutlu / Subaşı Mah.
TURGUTLU GÜNEY KÖYÜ ŞAHANE ÇİFTLİK EVİ VE MEYVA BAHÇESİ,https://www.hepsiemlak.com/manisa-turgutlu-guney-satilik/ciftlik-evi/153004-248,"9.900.000
TL",Stüdyo,160 m²,Manisa / Turgutlu / Güney Mah.
MUSTAFA KEMAL MAHALLESİ'NDE SATILIK SIFIR 2+1 ARAKAT DAİRE,https://www.hepsiemlak.com/manisa-turgutlu-mustafa-kemal-satilik/daire/164247-105,"2.300.000
TL",2 + 1,85 m²,Manisa / Turgutlu / Mustafa Kemal Mah.
"ARI EMLAK'TAN ÇARŞI MERKEZİNDE, ASANSÖRLÜ, DOĞALGAZLI, 145 m2, 3+1, CADDE ÜZERİNDE, FERAH DAİRE",https://www.hepsiemlak.com/manisa-turgutlu-yilmazlar-satilik/daire/155616-31,"4.500.000
TL",3 + 1,155 m²,Manisa / Turgutlu / Yılmazlar Mah.
LALELİDE MAGNEZYA CİVARI 3+1 3.KAT 115 M2 FULLÜKS ÖNÜ AÇIK DAİRE,https://www.hepsiemlak.com/manisa-yunusemre-laleli-satilik/daire/119726-1431,"4.500.000
TL",3 + 1,130 m²,Manisa / Yunusemre / Laleli Mah.
Reşatbey Mah. Ring Yolu Arkasında Satılık 2+1 Sıfır Daire.,https://www.hepsiemlak.com/manisa-akhisar-resat-bey-satilik/daire/94123-2781,"3.150.000
TL",2 + 1,110 m²,Manisa / Akhisar / Reşat Bey Mah.
Merkezi yerde Müstakil Ev,https://www.hepsiemlak.com/manisa-akhisar-seyhisa-satilik/mustakil-ev/0-45677862,"1.725.000
TL",3 + 1,91 m²,Manisa / Akhisar / Şeyhisa Mah.
AKHİSAR HASOCA DA SATILIK 104 M2 ARSALI MÜSTAKİL 2+1 EV 1.275.000 TL,https://www.hepsiemlak.com/manisa-akhisar-seyhisa-satilik/mustakil-ev/119726-1395,"1.275.000
TL",1 + 1,103 m²,Manisa / Akhisar / Şeyhisa Mah.
Reşatbey Mah. Ring Yolu Arkasında Satılık 2+1 Sıfır Daire.,https://www.hepsiemlak.com/manisa-akhisar-resat-bey-satilik/daire/94123-2781,"3.150.000
TL",2 + 1,110 m²,Manisa / Akhisar / Reşat Bey Mah.
MANİSA SALİHLİ CUMHURİYET MAHALLESİNDE SATILIK 2.KAT 3+1 DAİRE,https://www.hepsiemlak.com/manisa-salihli-cumhuriyet-satilik/daire/138755-154,"3.850.000
TL",3 + 1,125 m²,Manisa / Salihli / Cumhuriyet Mah.
MANİSA PEKER DE 3+1 135 M2 FULLÜKS 5.KAT KÖŞE DAİRE 3.425.000 TL,https://www.hepsiemlak.com/manisa-sehzadeler-peker-satilik/daire/119726-1401,"3.425.000
TL",3 + 1,145 m²,Manisa / Şehzadeler / Peker Mah.
SIFIR ARA KAT 3+1 GENİŞ FERAH UYGUN SATILIK DAİRE,https://www.hepsiemlak.com/manisa-turgutlu-yigitler-satilik/daire/164247-101,"3.900.000
TL",3 + 1,130 m²,Manisa / Turgutlu / Yiğitler Mah.
Yiğitler Mahallesi acil satılık doğalgazlı daire 135 m2,https://www.hepsiemlak.com/manisa-turgutlu-yigitler-satilik/daire/154992-61,"3.200.000
TL",3 + 1,135 m²,Manisa / Turgutlu / Yiğitler Mah.
LALELİDE MAGNEZYA CİVARI 3+1 3.KAT 115 M2 FULLÜKS ÖNÜ AÇIK DAİRE,https://www.hepsiemlak.com/manisa-yunusemre-laleli-satilik/daire/119726-1431,"4.500.000
TL",3 + 1,130 m²,Manisa / Yunusemre / Laleli Mah.
bozkurt mahallesi acil satılık müstakil ev 175 m2,https://www.hepsiemlak.com/manisa-turgutlu-bozkurt-satilik/mustakil-ev/154992-60,"2.100.000
TL",3 + 1,175 m²,Manisa / Turgutlu / Bozkurt Mah.
TEVFİKİYE DE SATILIK 3+1 125 M2 FULLÜKS 2.KAT DAİRE,https://www.hepsiemlak.com/manisa-yunusemre-kuyualan-satilik/daire/119726-1430,"4.050.000
TL",3 + 1,135 m²,Manisa / Yunusemre / Kuyualan Mah.
MURADİYE MAH HAVUZLU SİTE İÇİNDE SATILIK 2+1 A.MUTFAKLI ARAKAT,https://www.hepsiemlak.com/manisa-yunusemre-muradiye-satilik/daire/70124-4033,"6.575.000
TL",2 + 1,110 m²,Manisa / Yunusemre / Muradiye Mah.
PAZARTESİ PAZARINA YAKIN 2+1 AÇIK MUTFAKLI,https://www.hepsiemlak.com/manisa-turgutlu-ataturk-satilik/daire/164247-98,"1.440.000
TL",2 + 1,85 m²,Manisa / Turgutlu / Atatürk Mah.
MANİSA TURGUTLU ERGENEKON M SATILIK 3+1(130m)DAİRE,https://www.hepsiemlak.com/manisa-turgutlu-ergenekon-satilik/daire/164007-37,"3.300.000
TL",4 + 1,135 m²,Manisa / Turgutlu / Ergenekon Mah.
"ARI EMLAK'TAN ÇARŞI MERKEZİNDE, ASANSÖRLÜ, DOĞALGAZLI, 145 m2, 3+1, CADDE ÜZERİNDE, FERAH DAİRE",https://www.hepsiemlak.com/manisa-turgutlu-yilmazlar-satilik/daire/155616-31,"4.500.000
TL",3 + 1,155 m²,Manisa / Turgutlu / Yılmazlar Mah.
YENİ MAHALLEDE SATILIK KAÇIRILMAYACAK 3+1 LÜX DAİRE,https://www.hepsiemlak.com/manisa-turgutlu-yeni-satilik/daire/156788-214,"3.850.000
TL",3 + 1,145 m²,Manisa / Turgutlu / Yeni Mah.
Manisa Y. Çobanisa Örnekköy'de Satılık Dubleks Daire,https://www.hepsiemlak.com/manisa-sehzadeler-yukaricobanisa-satilik/daire/162776-49,"7.650.000
TL",5 + 2,195 m²,Manisa / Şehzadeler / Yukarıçobanisa Mah.
Yeni Mahallede Üst Düzey Dubleks,https://www.hepsiemlak.com/manisa-turgutlu-yeni-satilik/daire/160048-117,"8.500.000
TL",5 + 1,280 m²,Manisa / Turgutlu / Yeni Mah.
🟢 Manisa YunusEmre Muradiye – Satılık 3+1 Açık Mutfak Ara Kat Daire 🏡✨,https://www.hepsiemlak.com/manisa-yunusemre-muradiye-satilik/daire/95753-2108,"4.450.000
TL",3 + 1,130 m²,Manisa / Yunusemre / Muradiye Mah.
BEYAZ GAYRİMENKUL'DEN ALAYBEY MAH KUPONN 3+1,https://www.hepsiemlak.com/manisa-sehzadeler-alaybey-satilik/daire/119915-570,"3.950.000
TL",3 + 1,130 m²,Manisa / Şehzadeler / Alaybey Mah.
ERSOY'DAN SATILIK FUL LÜKS 3+1 KAPALI MUTFAK,https://www.hepsiemlak.com/manisa-yunusemre-cumhuriyet-satilik/daire/114523-424,"3.475.000
TL",3 + 1,120 m²,Manisa / Yunusemre / Cumhuriyet Mah.
HAFSA SULTAN 3+1 AÇIK MUTFAK FULL ÖZELLİKLİ DAİRE,https://www.hepsiemlak.com/manisa-yunusemre-hafsa-sultan-satilik/daire/163278-71,"4.550.000
TL",3 + 1,125 m²,Manisa / Yunusemre / Hafsa Sultan Mah.
Mavi Emlak'tan Şehitler Mahallesi'nde Satılık Arakat Daire,https://www.hepsiemlak.com/manisa-sehzadeler-sehitler-satilik/daire/102443-833,"3.950.000
TL",2 + 1,85 m²,Manisa / Şehzadeler / Şehitler Mah.
MURADİYE MAHALLESİNDE 3+1 FERAH SATILIK DAİRE,https://www.hepsiemlak.com/manisa-yunusemre-muradiye-satilik/daire/163565-130,"4.450.000
TL",3 + 1,130 m²,Manisa / Yunusemre / Muradiye Mah.
SOMA İSTASYON ZAFER MAH.SATILIK MÜSTAKİL EV,https://www.hepsiemlak.com/manisa-soma-zafer-satilik/mustakil-ev/106969-14,"1.500.000
TL",2 + 1,316 m²,Manisa / Soma / Zafer Mah.
BAŞUSTA GAYRİMENKUL'DEN HALİL KALE CADDE ÜZERİ DAİRE,https://www.hepsiemlak.com/manisa-turgutlu-subasi-satilik/daire/164377-3,"2.600.000
TL",2 + 1,110 m²,Manisa / Turgutlu / Subaşı Mah.
TURGUTLU GÜNEY KÖYÜ ŞAHANE ÇİFTLİK EVİ VE MEYVA BAHÇESİ,https://www.hepsiemlak.com/manisa-turgutlu-guney-satilik/ciftlik-evi/153004-248,"9.900.000
TL",Stüdyo,160 m²,Manisa / Turgutlu / Güney Mah.
MUSTAFA KEMAL MAHALLESİ'NDE SATILIK SIFIR 2+1 ARAKAT DAİRE,https://www.hepsiemlak.com/manisa-turgutlu-mustafa-kemal-satilik/daire/164247-105,"2.300.000
TL",2 + 1,85 m²,Manisa / Turgutlu / Mustafa Kemal Mah.
